City_ID,City,Country,Date,Lat,Lng,Max Temp,Humidity,Cloudiness,Wind Speed
0,Akcakoca,TR,2021-09-19 05:41:26,41.0866,31.1162,69.64,83,30,4.05
1,Hermanus,ZA,2021-09-19 05:41:27,-34.4187,19.2345,57.9,73,3,7.34
2,Bluff,NZ,2021-09-19 05:41:27,-46.6,168.3333,49.8,84,100,16.73
3,Rikitea,PF,2021-09-19 05:41:28,-23.1203,-134.9692,72.75,76,13,7.87
4,Port Alfred,ZA,2021-09-19 05:38:05,-33.5906,26.891,62.62,68,81,16.96
5,Atuona,PF,2021-09-19 05:40:32,-9.8,-139.0333,77.65,78,12,20.04
6,Hobart,AU,2021-09-19 05:39:09,-42.8794,147.3294,62.46,58,40,4.0
7,Airai,TL,2021-09-19 05:41:29,-8.9266,125.4092,73.83,46,46,5.97
8,Karaton,ID,2021-09-19 05:41:30,-6.3424,106.1045,84.36,67,98,4.63
9,Ushuaia,AR,2021-09-19 05:37:05,-54.8,-68.3,35.26,93,20,6.91
10,Nuevitas,CU,2021-09-19 05:41:30,21.5453,-77.2644,76.44,84,9,7.52
11,Luderitz,NA,2021-09-19 05:41:31,-26.6481,15.1594,54.21,85,38,2.62
12,Wilmington,US,2021-09-19 05:38:57,34.2257,-77.9447,74.86,89,1,0.0
13,Port Elizabeth,ZA,2021-09-19 05:41:31,-33.918,25.5701,57.49,82,0,9.22
14,Leonidovo,RU,2021-09-19 05:41:32,49.2833,142.8667,55.0,54,68,9.35
15,Loiza,PR,2021-09-19 05:41:32,18.4313,-65.8802,80.6,84,20,0.0
16,Leninskoye,KZ,2021-09-19 05:41:33,41.7589,69.3864,78.73,15,0,6.89
17,Leeton,AU,2021-09-19 05:41:34,-34.5667,146.4,69.71,30,1,17.27
18,Jamestown,US,2021-09-19 05:38:38,42.097,-79.2353,58.64,89,1,1.01
19,Arraial Do Cabo,BR,2021-09-19 05:41:34,-22.9661,-42.0278,70.0,91,16,7.05
20,Gwadar,PK,2021-09-19 05:41:35,25.1216,62.3254,83.7,73,84,7.16
21,Kotelnich,RU,2021-09-19 05:41:35,58.3089,48.348,39.69,69,21,9.26
22,Abhar,IR,2021-09-19 05:41:36,36.1468,49.218,72.75,26,0,2.73
23,Zholymbet,KZ,2021-09-19 05:41:36,51.7433,71.7122,47.52,54,71,16.87
24,Kodiak,US,2021-09-19 05:41:38,57.79,-152.4072,45.57,70,0,2.95
25,Busselton,AU,2021-09-19 05:41:38,-33.65,115.3333,64.04,67,77,9.13
26,Port Lincoln,AU,2021-09-19 05:41:39,-34.7333,135.8667,63.55,51,26,24.85
27,Sabang,ID,2021-09-19 05:41:39,5.8933,95.3214,81.55,75,94,16.87
28,Khatanga,RU,2021-09-19 05:41:40,71.9667,102.5,38.93,49,17,14.72
29,Hasaki,JP,2021-09-19 05:41:40,35.7333,140.8333,77.4,68,92,22.79
30,Sao Filipe,CV,2021-09-19 05:41:41,14.8961,-24.4956,78.51,84,92,5.08
31,Saint Anthony,US,2021-09-19 05:41:41,45.0205,-93.218,70.14,66,1,5.99
32,Buraydah,SA,2021-09-19 05:41:42,26.326,43.975,86.45,14,5,7.56
33,Punta Arenas,CL,2021-09-19 05:38:24,-53.15,-70.9167,39.13,86,16,6.11
34,Butaritari,KI,2021-09-19 05:41:43,3.0707,172.7902,82.8,69,69,15.52
35,Bredasdorp,ZA,2021-09-19 05:41:44,-34.5322,20.0403,49.32,93,6,4.61
36,Sitka,US,2021-09-19 05:41:44,57.0531,-135.33,51.69,87,90,3.44
37,Albany,US,2021-09-19 05:41:45,42.6001,-73.9662,61.66,91,77,4.29
38,Acari,PE,2021-09-19 05:41:45,-15.4311,-74.6158,63.21,73,90,3.24
39,Lisala,CD,2021-09-19 05:41:46,2.15,21.5167,72.95,91,100,1.16
40,Oranjestad,AW,2021-09-19 05:41:19,12.524,-70.027,82.35,78,20,12.66
41,Sivaki,RU,2021-09-19 05:41:46,52.6333,126.75,56.28,39,1,11.25
42,Honningsvag,NO,2021-09-19 05:41:47,70.9821,25.9704,43.41,77,69,21.07
43,Mount Isa,AU,2021-09-19 05:41:47,-20.7333,139.5,92.97,17,0,6.91
44,Mount Gambier,AU,2021-09-19 05:41:48,-37.8333,140.7667,55.31,94,90,18.41
45,Qaanaaq,GL,2021-09-19 05:41:48,77.484,-69.3632,15.71,78,100,7.09
46,Byron Bay,AU,2021-09-19 05:37:22,-28.65,153.6167,77.11,70,52,9.37
47,Flin Flon,CA,2021-09-19 05:41:49,54.7682,-101.865,55.98,70,94,5.19
48,Lata,PT,2021-09-19 05:41:50,40.1629,-8.3327,59.81,91,8,3.56
49,Cape Town,ZA,2021-09-19 05:40:01,-33.9258,18.4232,58.12,84,75,7.0
50,Torbay,CA,2021-09-19 05:41:50,47.6666,-52.7314,60.28,84,75,10.36
51,Ardatov,RU,2021-09-19 05:41:51,55.2421,43.097,42.91,56,100,8.72
52,Kavieng,PG,2021-09-19 05:41:51,-2.5744,150.7967,84.54,72,30,13.11
53,Pevek,RU,2021-09-19 05:41:52,69.7008,170.3133,31.28,73,100,15.03
54,Dikson,RU,2021-09-19 05:41:53,73.5069,80.5464,34.5,76,34,23.6
55,Nara,JP,2021-09-19 05:41:53,34.6851,135.8049,83.57,66,95,4.61
56,Cayenne,GF,2021-09-19 05:41:54,4.9333,-52.3333,83.08,78,20,3.0
57,Saint-Philippe,RE,2021-09-19 05:41:54,-21.3585,55.7679,76.55,60,84,13.96
58,Madhyamgram,IN,2021-09-19 05:41:55,22.7,88.45,85.95,89,75,0.0
59,Hilo,US,2021-09-19 05:41:55,19.7297,-155.09,76.28,90,90,5.75
60,Tarauaca,BR,2021-09-19 05:41:56,-8.1614,-70.7656,74.86,78,37,2.91
61,Kyshtovka,RU,2021-09-19 05:41:56,56.555,76.6271,46.26,73,97,10.8
62,Salalah,OM,2021-09-19 05:41:57,17.0151,54.0924,86.09,74,75,6.91
63,Te Anau,NZ,2021-09-19 05:41:57,-45.4167,167.7167,42.17,95,100,2.51
64,Palmer,US,2021-09-19 05:41:57,42.1584,-72.3287,68.32,75,20,12.66
65,Dingle,PH,2021-09-19 05:41:58,10.9995,122.6711,84.83,75,47,2.57
66,Puerto Ayora,EC,2021-09-19 05:41:58,-0.7393,-90.3518,69.55,91,41,7.0
67,Illela,NG,2021-09-19 05:42:00,13.7292,5.2975,78.6,71,63,7.2
68,Mataura,NZ,2021-09-19 05:42:00,-46.1927,168.8643,49.48,90,100,0.63
69,San Carlos De Bariloche,AR,2021-09-19 05:40:28,-41.1456,-71.3082,29.95,86,40,5.75
70,Wala,CM,2021-09-19 05:42:01,4.578,12.3154,67.87,99,97,0.34
71,Takoradi,GH,2021-09-19 05:42:02,4.8845,-1.7554,74.14,93,98,3.76
72,Thika,KE,2021-09-19 05:42:05,-1.0333,37.0693,66.02,53,25,4.23
73,Geraldton,AU,2021-09-19 05:42:05,-28.7667,114.6,73.81,43,8,14.97
74,Kargasok,RU,2021-09-19 05:42:06,59.0556,80.8572,46.31,68,100,9.51
75,Nikolskoye,RU,2021-09-19 05:42:09,59.7035,30.7861,39.02,71,100,8.7
76,Alyangula,AU,2021-09-19 05:42:10,-13.8483,136.4192,84.07,61,75,10.36
77,Vaini,TO,2021-09-19 05:42:11,-21.2,-175.2,73.56,78,75,10.36
78,La Tuque,CA,2021-09-19 05:39:28,47.4334,-72.7824,46.65,87,54,1.14
79,Pisco,PE,2021-09-19 05:42:12,-13.7,-76.2167,60.85,82,90,4.61
80,San Quintin,MX,2021-09-19 05:42:15,30.4833,-115.95,66.96,81,0,13.87
81,Ambovombe,MG,2021-09-19 05:42:16,-25.1667,46.0833,64.63,62,99,6.76
82,Saldanha,ZA,2021-09-19 05:42:17,-33.0117,17.9442,57.25,87,100,16.84
83,Dunedin,NZ,2021-09-19 05:42:19,-45.8742,170.5036,50.81,84,100,5.01
84,Lompoc,US,2021-09-19 05:42:21,34.6391,-120.4579,60.48,85,1,0.0
85,Kedainiai,LT,2021-09-19 05:42:22,55.2883,23.9747,45.07,70,100,16.13
86,Enshi,CN,2021-09-19 05:42:23,30.3,109.4833,73.6,86,100,2.51
87,Mehamn,NO,2021-09-19 05:42:25,71.0357,27.8492,42.58,74,27,13.89
88,Aksaray,TR,2021-09-19 05:42:25,38.3726,34.0254,58.59,33,16,6.53
89,Ribeira Grande,PT,2021-09-19 05:42:27,38.5167,-28.7,67.75,69,56,5.93
90,Komsomolskiy,UZ,2021-09-19 05:42:28,40.4272,71.7189,83.12,24,0,6.91
91,Waipawa,NZ,2021-09-19 05:42:29,-41.4122,175.5153,52.03,70,67,16.73
92,Mkushi,ZM,2021-09-19 05:42:31,-13.6202,29.3939,64.49,69,92,10.8
93,Provideniya,RU,2021-09-19 05:42:32,64.3833,-173.3,43.59,86,24,5.35
94,Yellowknife,CA,2021-09-19 05:42:33,62.456,-114.3525,43.32,81,75,13.8
95,Kismayo,SO,2021-09-19 05:42:34,-0.3582,42.5454,80.91,71,18,15.88
96,East London,ZA,2021-09-19 05:38:06,-33.0153,27.9116,59.94,72,0,12.66
97,Rio Cuarto,AR,2021-09-19 05:42:37,-33.1307,-64.3499,55.83,64,0,10.45
98,Marawi,PH,2021-09-19 05:42:39,7.9986,124.2928,75.65,86,50,2.77
99,Tuktoyaktuk,CA,2021-09-19 05:42:40,69.4541,-133.0374,41.0,100,90,0.0
100,Candido Mendes,BR,2021-09-19 05:42:40,-1.4467,-45.7167,75.0,90,5,3.94
101,Soyo,AO,2021-09-19 05:42:41,-6.1349,12.3689,71.98,79,48,6.58
102,Codrington,AU,2021-09-19 05:42:41,-38.2667,141.9667,54.18,94,100,17.76
103,Narsaq,GL,2021-09-19 05:42:42,60.9167,-46.05,41.22,98,100,4.29
104,Faya,SA,2021-09-19 05:42:43,18.3851,42.4509,71.71,15,57,9.17
105,Fortuna,US,2021-09-19 05:42:45,40.5982,-124.1573,60.42,74,75,0.0
106,Souillac,MU,2021-09-19 05:42:45,-20.5167,57.5167,77.36,73,75,12.66
107,Sombrio,BR,2021-09-19 05:42:47,-29.1139,-49.6167,64.94,95,29,2.48
108,Half Moon Bay,US,2021-09-19 05:42:49,37.4636,-122.4286,65.12,85,90,3.44
109,Corinto,GR,2021-09-19 05:42:49,37.9407,22.9573,88.63,43,30,5.68
110,Kahului,US,2021-09-19 05:38:15,20.8947,-156.47,76.26,91,75,21.85
111,Roma,US,2021-09-19 05:42:50,43.2128,-75.4557,57.83,94,1,0.0
112,Barrow,US,2021-09-19 05:42:51,71.2906,-156.7887,33.82,86,90,13.8
113,Nabire,ID,2021-09-19 05:42:53,-3.3667,135.4833,80.78,84,100,1.32
114,Biak,ID,2021-09-19 05:42:55,-0.9131,122.8766,80.26,70,99,5.32
115,Bengkulu,ID,2021-09-19 05:41:25,-3.8004,102.2655,82.72,75,52,14.54
116,Prince Albert,CA,2021-09-19 05:39:01,53.2001,-105.7677,64.35,52,75,8.05
117,Sao Miguel Do Araguaia,BR,2021-09-19 05:42:56,-13.275,-50.1628,77.04,27,6,4.45
118,San Rafael,AR,2021-09-19 05:42:57,-34.6177,-68.3301,58.57,38,0,6.91
119,Mar Del Plata,AR,2021-09-19 05:42:59,-38.0023,-57.5575,51.82,100,90,6.91
120,Thompson,CA,2021-09-19 05:43:01,55.7435,-97.8558,53.76,76,75,8.05
121,Nanchang,CN,2021-09-19 05:43:02,28.6833,115.8833,96.13,43,4,10.96
122,Marsa Matruh,EG,2021-09-19 05:43:03,31.3525,27.2453,73.6,88,40,4.61
123,Tasiilaq,GL,2021-09-19 05:43:05,65.6145,-37.6368,35.76,65,100,4.45
124,Castro,BR,2021-09-19 05:43:06,-24.7911,-50.0119,61.61,91,26,2.44
125,Ostrovnoy,RU,2021-09-19 05:43:08,68.0531,39.5131,41.99,64,8,1.83
126,Sur,OM,2021-09-19 05:43:09,22.5667,59.5289,90.84,50,12,9.22
127,Kamaishi,JP,2021-09-19 05:43:10,39.2667,141.8833,81.55,69,51,5.21
128,Barquisimeto,VE,2021-09-19 05:43:10,10.0739,-69.3228,72.23,100,16,4.61
129,Norman Wells,CA,2021-09-19 05:43:11,65.282,-126.8329,46.44,71,75,6.91
130,Thinadhoo,MV,2021-09-19 05:43:11,0.5333,72.9333,83.98,71,79,7.31
131,Andenes,NO,2021-09-19 05:43:12,69.3143,16.1194,49.98,76,90,11.5
132,Lebu,CL,2021-09-19 05:43:14,-37.6167,-73.65,46.18,83,4,10.8
133,Baiyin,CN,2021-09-19 05:43:17,36.5583,104.2081,59.88,34,91,10.76
134,Gushikawa,JP,2021-09-19 05:43:17,26.3544,127.8686,85.59,69,40,10.36
135,Ponta Do Sol,PT,2021-09-19 05:43:18,32.6667,-17.1,72.23,71,19,6.64
136,Saskylakh,RU,2021-09-19 05:43:21,71.9167,114.0833,32.14,78,65,4.05
137,Ordynskoye,RU,2021-09-19 05:43:23,54.3656,81.8994,57.94,40,98,15.73
138,Luena,AO,2021-09-19 05:43:24,-11.7833,19.9167,71.62,55,59,6.93
139,Edd,ER,2021-09-19 05:43:26,13.9297,41.6925,92.5,52,28,12.66
140,Chuy,UY,2021-09-19 05:43:29,-33.6971,-53.4616,56.88,98,19,5.75
141,Santa Isabel,BR,2021-09-19 05:43:32,-23.3156,-46.2214,68.65,95,33,1.12
142,Hithadhoo,MV,2021-09-19 05:43:33,-0.6,73.0833,83.5,71,84,5.64
143,Avarua,CK,2021-09-19 05:43:35,-21.2078,-159.775,75.25,78,40,12.66
144,Ugoofaaru,MV,2021-09-19 05:43:36,5.6667,73.0,82.78,75,62,7.14
145,Lavrentiya,RU,2021-09-19 05:43:36,65.5833,-171.0,34.66,88,100,9.69
146,Savelugu,GH,2021-09-19 05:43:37,9.6244,-0.8253,74.19,92,87,6.35
147,Bilibino,RU,2021-09-19 05:43:37,68.0546,166.4372,24.57,81,28,5.91
148,Ancud,CL,2021-09-19 05:43:38,-41.8697,-73.8203,38.73,86,15,1.59
149,Vila Franca Do Campo,PT,2021-09-19 05:43:39,37.7167,-25.4333,66.61,71,67,5.97
150,Matadi,CD,2021-09-19 05:43:39,-5.8167,13.45,71.78,83,31,3.4
151,Hobyo,SO,2021-09-19 05:43:40,5.3505,48.5268,82.42,68,89,21.97
152,Carnarvon,AU,2021-09-19 05:43:40,-24.8667,113.6333,71.67,56,0,23.02
153,Chokurdakh,RU,2021-09-19 05:43:41,70.6333,147.9167,35.91,51,87,10.09
154,Nanakuli,US,2021-09-19 05:43:41,21.3906,-158.1547,80.55,60,1,8.05
155,Zhezkazgan,KZ,2021-09-19 05:43:42,47.8043,67.7144,54.32,27,16,12.68
156,Upernavik,GL,2021-09-19 05:43:42,72.7868,-56.1549,20.44,59,19,5.82
157,Iqaluit,CA,2021-09-19 05:43:43,63.7506,-68.5145,33.53,86,90,4.61
158,Jalu,LY,2021-09-19 05:43:44,29.0331,21.5482,78.66,40,0,8.34
159,Non Sung,TH,2021-09-19 05:43:45,15.1801,102.2569,81.32,57,43,4.61
160,Bambous Virieux,MU,2021-09-19 05:43:45,-20.3428,57.7575,77.22,73,75,12.66
161,Raudeberg,NO,2021-09-19 05:43:45,61.9875,5.1352,54.27,80,94,4.45
162,Novyy Svit,UA,2021-09-19 05:43:46,47.8059,38.0211,62.58,75,100,10.89
163,Bathsheba,BB,2021-09-19 05:43:46,13.2167,-59.5167,75.81,88,20,5.75
164,Sept-Iles,CA,2021-09-19 05:40:14,50.2001,-66.3821,49.05,84,90,1.01
165,Ilulissat,GL,2021-09-19 05:43:47,69.2167,-51.1,21.22,58,1,0.0
166,Camopi,GF,2021-09-19 05:43:48,3.1655,-52.3158,70.63,99,46,1.79
167,Lagoa,PT,2021-09-19 05:43:48,39.05,-27.9833,66.58,64,38,10.74
168,Mnogovershinnyy,RU,2021-09-19 05:43:49,53.9353,139.9242,46.26,56,57,17.31
169,Bonavista,CA,2021-09-19 05:43:49,48.6499,-53.1147,61.12,93,91,17.0
170,Nanortalik,GL,2021-09-19 05:43:50,60.1432,-45.2371,40.55,92,100,6.33
171,Charyshskoye,RU,2021-09-19 05:43:50,51.3978,83.5598,64.71,29,91,8.1
172,Svetlyy,RU,2021-09-19 05:43:51,54.675,20.1347,48.25,72,45,14.34
173,Aykhal,RU,2021-09-19 05:43:51,66.0,111.5,37.74,53,16,4.99
174,Esperance,AU,2021-09-19 05:43:52,-33.8667,121.9,58.84,77,99,14.5
175,Karlskrona,SE,2021-09-19 05:43:52,56.1616,15.5866,43.25,72,100,12.57
176,Port Augusta,AU,2021-09-19 05:43:53,-32.5,137.7667,78.94,17,0,14.72
177,San Felipe,VE,2021-09-19 05:43:54,10.3399,-68.7425,70.88,98,57,0.72
178,Cidreira,BR,2021-09-19 05:41:51,-30.1811,-50.2056,63.1,94,12,3.58
179,Kavaratti,IN,2021-09-19 05:43:55,10.5669,72.642,81.79,77,94,7.38
180,Guerrero Negro,MX,2021-09-19 05:43:55,27.9769,-114.0611,68.76,83,6,15.93
181,Coquimbo,CL,2021-09-19 05:43:16,-29.9533,-71.3436,51.53,87,0,3.44
182,Carutapera,BR,2021-09-19 05:43:56,-1.195,-46.02,77.23,83,7,6.42
183,Saint George,US,2021-09-19 05:42:44,37.1041,-113.5841,74.62,65,40,1.99
184,Vao,NC,2021-09-19 05:43:57,-22.6667,167.4833,68.77,61,93,17.45
185,Banjar,ID,2021-09-19 05:43:57,-8.19,114.9675,84.06,65,29,2.08
186,Diapaga,BF,2021-09-19 05:43:58,12.0708,1.7889,73.02,89,47,6.38
187,Kapaa,US,2021-09-19 05:43:58,22.0752,-159.319,82.38,73,20,4.0
188,Asau,RO,2021-09-19 05:43:59,46.4333,26.4,58.12,67,13,8.68
189,Glace Bay,CA,2021-09-19 05:39:02,46.1969,-59.957,67.59,96,90,3.0
190,Cherskiy,RU,2021-09-19 05:44:00,68.75,161.3,33.17,61,16,10.2
191,Ampanihy,MG,2021-09-19 05:44:01,-24.7,44.75,63.79,50,100,7.87
192,Cabo San Lucas,MX,2021-09-19 05:44:04,22.8909,-109.9124,83.52,79,61,8.16
193,Omsukchan,RU,2021-09-19 05:44:04,62.5333,155.8,42.6,93,100,7.36
194,Sinnamary,GF,2021-09-19 05:44:05,5.3833,-52.95,78.35,87,79,7.61
195,Yelan,RU,2021-09-19 05:44:06,50.949,43.7378,55.02,35,100,16.26
196,Yanam,IN,2021-09-19 05:44:07,16.7333,82.2167,88.2,49,100,5.26
197,Abilene,US,2021-09-19 05:44:10,32.4487,-99.7331,77.49,59,1,5.75
198,Chaohu,CN,2021-09-19 05:44:10,31.6,117.8667,95.11,55,0,11.21
199,Tiksi,RU,2021-09-19 05:44:12,71.6872,128.8694,35.08,69,100,18.39
200,Usta Muhammad,PK,2021-09-19 05:44:14,28.1794,68.0445,107.22,22,3,5.37
201,Kuah,MY,2021-09-19 05:44:15,6.3265,99.8432,86.0,79,40,5.75
202,Machali,CL,2021-09-19 05:44:17,-34.1833,-70.6667,48.58,93,22,1.63
203,Saint-Pierre-Des-Corps,FR,2021-09-19 05:44:19,47.3833,0.7333,57.85,94,90,8.05
204,Tabuk,PH,2021-09-19 05:44:21,17.4189,121.4443,89.73,58,75,4.79
205,Boo,SE,2021-09-19 05:44:23,59.3333,18.2833,50.77,79,90,5.75
206,Jatai,BR,2021-09-19 05:44:24,-17.8814,-51.7144,75.13,30,11,4.38
207,New Norfolk,AU,2021-09-19 05:44:25,-42.7826,147.0587,62.1,65,73,5.01
208,Clifton,US,2021-09-19 05:44:25,40.8584,-74.1638,74.64,81,1,1.01
209,Tucurui,BR,2021-09-19 05:44:27,-3.7661,-49.6725,72.97,90,14,4.9
210,Abu Dhabi,AE,2021-09-19 05:42:15,24.4667,54.3667,95.11,36,0,8.05
211,Gizo,SB,2021-09-19 05:44:29,-8.103,156.8419,83.41,75,46,8.59
212,Henties Bay,NA,2021-09-19 05:44:31,-22.116,14.2845,49.86,90,0,6.91
213,Chaiyaphum,TH,2021-09-19 05:44:33,15.75,102.0,89.69,58,61,4.34
214,Chemal,RU,2021-09-19 05:44:35,51.4111,86.005,66.79,41,95,3.91
215,Buncrana,IE,2021-09-19 05:44:36,55.1333,-7.45,50.22,98,96,5.77
216,Leningradskiy,RU,2021-09-19 05:44:37,69.3833,178.4167,27.55,85,96,19.08
217,Chapais,CA,2021-09-19 05:44:37,49.7834,-74.8492,47.98,78,100,2.77
218,Alofi,NU,2021-09-19 05:44:39,-19.0595,-169.9187,78.69,89,8,6.91
219,Sumbe,AO,2021-09-19 05:44:40,-11.2061,13.8437,71.65,89,91,1.88
220,Valle De Juarez,MX,2021-09-19 05:44:47,19.9333,-102.9333,59.14,96,99,3.49
221,Oda,JP,2021-09-19 05:44:48,35.1833,132.5,77.77,65,60,15.79
222,Araouane,ML,2021-09-19 05:44:48,18.9048,-3.5265,90.1,22,33,8.97
223,Rawson,AR,2021-09-19 05:44:49,-43.3002,-65.1023,49.87,56,11,2.42
224,Guigue,VE,2021-09-19 05:44:49,10.0853,-67.7792,72.01,88,47,1.03
225,Kaitangata,NZ,2021-09-19 05:44:50,-46.2817,169.8464,50.65,79,100,2.35
226,Vardo,NO,2021-09-19 05:44:51,70.3705,31.1107,45.14,71,5,20.49
227,Yulara,AU,2021-09-19 05:44:51,-25.2406,130.9889,84.04,26,40,12.66
228,Sarangani,PH,2021-09-19 05:44:51,5.4033,125.4636,83.8,70,89,8.5
229,Menongue,AO,2021-09-19 05:44:52,-14.6585,17.691,71.4,54,97,3.04
230,Pacific Grove,US,2021-09-19 05:44:52,36.6177,-121.9166,63.0,91,40,1.99
231,Bethel,US,2021-09-19 05:44:53,41.3712,-73.414,71.96,84,1,0.0
232,Nizhniy Baskunchak,RU,2021-09-19 05:44:53,48.2198,46.8311,61.16,38,27,13.49
233,Kaeo,NZ,2021-09-19 05:44:54,-35.1,173.7833,57.33,74,99,8.21
234,Bogorodskoye,RU,2021-09-19 05:44:54,56.55,37.8833,40.33,68,100,11.86
235,Sambava,MG,2021-09-19 05:44:55,-14.2667,50.1667,75.94,75,99,7.11
236,Aktas,KZ,2021-09-19 05:44:55,49.7789,72.9608,46.15,41,54,13.82
237,Letlhakeng,BW,2021-09-19 05:44:56,-24.0944,25.0298,57.9,60,2,12.41
238,Durania,CO,2021-09-19 05:44:57,7.7131,-72.6576,64.89,93,90,3.89
239,Padang,ID,2021-09-19 05:44:58,-0.9492,100.3543,84.25,86,100,4.25
240,Miranda,CO,2021-09-19 05:45:00,3.2499,-76.2281,68.13,87,65,3.91
241,Georgetown,MY,2021-09-19 05:45:01,5.4112,100.3354,86.9,71,20,1.99
242,Tuatapere,NZ,2021-09-19 05:45:02,-46.1333,167.6833,49.82,88,100,5.01
243,Talnakh,RU,2021-09-19 05:45:03,69.4865,88.3972,40.86,96,100,2.55
244,Karratha,AU,2021-09-19 05:45:04,-20.7377,116.8463,90.07,19,12,9.91
245,Severnyy-Kospashskiy,RU,2021-09-19 05:45:05,59.0925,57.8008,37.6,96,100,13.22
246,Demir Kapija,MK,2021-09-19 05:45:06,41.405,22.2489,70.02,68,41,2.53
247,Nantucket,US,2021-09-19 05:45:07,41.2835,-70.0995,68.04,94,22,13.98
248,Qidong,CN,2021-09-19 05:45:07,31.8128,121.6561,85.98,78,4,16.15
249,Manta,EC,2021-09-19 05:45:08,-0.95,-80.7333,73.18,88,90,11.5
250,Dauphin,CA,2021-09-19 05:45:08,51.1494,-100.0502,77.14,44,40,25.32
251,Algiers,DZ,2021-09-19 05:42:31,36.7525,3.042,66.02,94,0,2.3
252,Krasnoarmeysk,RU,2021-09-19 05:45:09,51.0239,45.6969,48.02,59,100,9.62
253,Bubaque,GW,2021-09-19 05:45:10,11.2833,-15.8333,79.72,79,99,12.62
254,Hofn,IS,2021-09-19 05:45:10,64.2539,-15.2082,51.31,91,58,20.24
255,Taoudenni,ML,2021-09-19 05:45:11,22.6783,-3.9836,91.31,16,6,17.36
256,Qaqortoq,GL,2021-09-19 05:45:11,60.7167,-46.0333,41.5,97,100,6.69
257,Margate,GB,2021-09-19 05:45:12,51.3813,1.3862,58.87,91,100,6.98
258,Comodoro Rivadavia,AR,2021-09-19 05:45:13,-45.8667,-67.5,46.26,87,90,3.44
259,Cauquenes,CL,2021-09-19 05:45:15,-35.9671,-72.3225,42.21,85,60,3.6
260,Rincon,US,2021-09-19 05:45:17,32.296,-81.2354,78.85,100,1,0.0
261,Terenos,BR,2021-09-19 05:45:18,-20.4422,-54.8603,83.91,47,0,8.05
262,Orlik,RU,2021-09-19 05:45:21,52.5178,99.825,65.44,31,29,4.23
263,Gorom-Gorom,BF,2021-09-19 05:45:22,14.4439,-0.2361,83.55,51,47,6.53
264,Cockburn Town,TC,2021-09-19 05:45:23,21.4612,-71.1419,82.18,70,2,14.63
265,Ayr,GB,2021-09-19 05:45:23,55.4627,-4.6339,57.31,94,75,5.75
266,Severo-Kurilsk,RU,2021-09-19 05:45:24,50.6789,156.125,51.13,95,100,13.76
267,Beloha,MG,2021-09-19 05:45:25,-25.1667,45.05,64.53,58,100,6.98
268,Labuhan,ID,2021-09-19 05:45:26,-6.8844,112.2051,88.7,55,30,13.76
269,Kununurra,AU,2021-09-19 05:45:26,-15.7667,128.7333,96.78,28,40,12.66
270,Pokhara,NP,2021-09-19 05:45:26,28.2333,83.9833,80.33,78,79,4.61
271,Manavgat,TR,2021-09-19 05:45:28,36.7867,31.4431,77.41,38,0,2.24
272,Clyde River,CA,2021-09-19 05:45:30,70.4692,-68.5914,28.24,84,95,2.53
273,Quatre Cocos,MU,2021-09-19 05:45:32,-20.2078,57.7625,77.09,68,71,16.55
274,Verkhnyaya Inta,RU,2021-09-19 05:45:34,65.9811,60.3094,37.22,66,100,20.6
275,Yurino,RU,2021-09-19 05:45:35,56.2942,46.3039,42.12,56,80,4.85
276,Hearst,CA,2021-09-19 05:45:37,49.6835,-83.6665,46.65,87,59,5.37
277,Vilhena,BR,2021-09-19 05:45:39,-12.7406,-60.1458,73.18,56,31,3.53
278,Bonthe,SL,2021-09-19 05:45:41,7.5264,-12.505,74.23,94,100,2.68
279,Victoria,HK,2021-09-19 05:42:31,22.2855,114.1577,92.97,79,57,1.99
280,San Ramon,US,2021-09-19 05:45:43,37.7799,-121.978,64.38,84,40,1.99
281,Lorengau,PG,2021-09-19 05:45:45,-2.0226,147.2712,84.34,70,70,7.87
282,Polunochnoye,RU,2021-09-19 05:45:46,60.8697,60.4153,38.97,60,44,11.03
283,Brejo,BR,2021-09-19 05:45:49,-3.6844,-42.7503,75.67,81,99,4.21
284,Rudnogorsk,RU,2021-09-19 05:45:50,57.2639,103.7519,61.95,59,99,6.26
285,Lafiagi,NG,2021-09-19 05:45:52,8.8667,5.4167,73.9,95,97,2.77
286,Avera,US,2021-09-19 05:44:05,33.194,-82.5271,76.87,76,99,4.83
287,Sisimiut,GL,2021-09-19 05:45:54,66.9395,-53.6735,31.01,48,95,8.28
288,Piney Green,US,2021-09-19 05:45:55,34.716,-77.3202,73.89,100,40,0.0
289,Cibitoke,BI,2021-09-19 05:45:56,-2.8833,29.25,69.04,64,97,0.63
290,La Ronge,CA,2021-09-19 05:45:56,55.1001,-105.2842,53.85,76,75,6.91
291,Krasnoselkup,RU,2021-09-19 05:45:57,65.7,82.4667,45.57,70,87,10.11
292,Tondano,ID,2021-09-19 05:45:59,1.3038,124.9112,84.29,78,87,3.96
293,Calabozo,VE,2021-09-19 05:46:00,8.9242,-67.4293,74.93,82,72,1.95
294,Pavilosta,LV,2021-09-19 05:46:01,56.8879,21.1859,46.35,78,0,17.2
295,Maceio,BR,2021-09-19 05:46:02,-9.6658,-35.7353,71.04,100,20,5.75
296,Noumea,NC,2021-09-19 05:46:04,-22.2763,166.4572,75.18,59,25,17.83
297,Vestmannaeyjar,IS,2021-09-19 05:46:05,63.4427,-20.2734,48.88,78,41,17.02
298,Isangel,VU,2021-09-19 05:46:08,-19.55,169.2667,77.11,61,75,6.91
299,Eureka,US,2021-09-19 05:44:41,40.8021,-124.1637,60.67,92,73,1.99
300,Kruisfontein,ZA,2021-09-19 05:46:10,-34.0033,24.7314,61.93,52,51,7.63
301,Vanimo,PG,2021-09-19 05:46:12,-2.6741,141.3028,82.87,73,93,5.86
302,Jingdezhen,CN,2021-09-19 05:46:14,29.2947,117.2079,95.04,46,2,7.67
303,Ravar,IR,2021-09-19 05:46:15,31.2656,56.8055,89.31,7,0,4.61
304,Constitucion,CL,2021-09-19 05:46:17,-35.3333,-72.4167,47.41,80,18,9.91
305,Los Llanos De Aridane,ES,2021-09-19 05:46:17,28.6585,-17.9182,67.75,78,75,10.36
306,Derzhavinsk,KZ,2021-09-19 05:46:19,51.1,66.3167,46.4,54,17,15.48
307,Longyearbyen,SJ,2021-09-19 05:46:21,78.2186,15.6401,49.84,71,75,16.11
308,Kristiansund,NO,2021-09-19 05:46:23,63.1115,7.732,52.45,71,75,5.75
309,Pestovo,RU,2021-09-19 05:46:24,58.5938,35.8024,40.05,71,99,8.52
310,Manggar,ID,2021-09-19 05:46:25,-2.8833,108.2667,85.6,65,77,12.71
311,Beringovskiy,RU,2021-09-19 05:46:25,63.05,179.3167,46.89,73,22,3.67
312,Nemuro,JP,2021-09-19 05:46:26,43.3236,145.575,68.43,84,54,6.78
313,Dryden,CA,2021-09-19 05:46:27,49.7833,-92.7503,61.09,59,1,14.97
314,Plettenberg Bay,ZA,2021-09-19 05:46:27,-34.0527,23.3716,62.04,59,35,9.98
315,Tutoia,BR,2021-09-19 05:46:28,-2.7619,-42.2744,79.18,79,91,13.53
316,La Asuncion,VE,2021-09-19 05:46:28,11.0333,-63.8628,80.33,83,13,5.75
317,Whitehorse,CA,2021-09-19 05:46:29,60.7161,-135.0538,42.03,81,75,2.3
318,Balingasay,PH,2021-09-19 05:46:30,16.3573,119.8564,86.02,69,64,1.83
319,Saurimo,AO,2021-09-19 05:46:30,-9.6608,20.3916,72.34,66,93,5.21
320,Nambucca Heads,AU,2021-09-19 05:46:31,-30.65,153.0,71.17,54,3,9.84
321,Monster,NL,2021-09-19 05:46:31,52.0258,4.175,56.98,93,87,3.0
322,Ornskoldsvik,SE,2021-09-19 05:46:32,63.2909,18.7153,41.95,87,90,2.3
323,Juneau,US,2021-09-19 05:46:33,58.3019,-134.4197,52.11,91,40,3.44
324,Dalgopol,BG,2021-09-19 05:46:33,43.05,27.35,69.46,45,1,12.97
325,Ust-Ilimsk,RU,2021-09-19 05:46:34,58.0006,102.6619,56.89,83,100,5.77
326,Ovalle,CL,2021-09-19 05:46:34,-30.5983,-71.2003,53.08,82,46,2.26
327,Le Port,RE,2021-09-19 05:46:35,-20.9373,55.2919,76.96,57,54,15.43
328,Sao Felix Do Xingu,BR,2021-09-19 05:46:35,-6.6447,-51.995,73.27,61,8,0.18
329,San Cristobal,VE,2021-09-19 05:46:36,7.7669,-72.225,65.41,96,91,1.83
330,Koshurnikovo,RU,2021-09-19 05:46:37,54.1667,93.3,62.02,62,91,2.33
331,Nador,MA,2021-09-19 05:46:37,35.174,-2.9287,70.05,52,0,5.75
332,Nanyang,CN,2021-09-19 05:46:38,32.9947,112.5328,62.92,94,100,9.04
333,Kokoda,PG,2021-09-19 05:46:39,-8.8785,147.7407,74.17,97,100,3.76
334,Kaseda,JP,2021-09-19 05:46:39,31.4167,130.3167,85.23,72,21,3.62
335,Mehriz,IR,2021-09-19 05:46:40,31.5917,54.4318,79.3,11,0,3.85
336,Rundu,NA,2021-09-19 05:46:41,-17.9333,19.7667,73.56,35,47,3.87
337,Bachaquero,VE,2021-09-19 05:46:41,9.9694,-71.1494,79.63,77,93,1.9
338,Aklavik,CA,2021-09-19 05:44:06,68.2191,-135.0107,43.63,88,100,6.6
339,Chino Valley,US,2021-09-19 05:46:42,34.7575,-112.4538,69.37,91,1,5.75
340,Cabatuan,PH,2021-09-19 05:46:43,10.8794,122.486,84.18,76,48,0.09
341,Saint Simons,US,2021-09-19 05:46:43,31.1352,-81.3901,78.84,91,1,0.0
342,Kunashak,RU,2021-09-19 05:46:44,55.7032,61.5498,41.52,72,99,15.75
343,Mahebourg,MU,2021-09-19 05:46:44,-20.4081,57.7,77.25,73,75,12.66
344,Katsuura,JP,2021-09-19 05:46:45,35.1333,140.3,80.64,68,77,23.29
345,Veraval,IN,2021-09-19 05:46:46,20.9,70.3667,83.71,80,76,9.08
346,Diego De Almagro,CL,2021-09-19 05:46:47,-26.3667,-70.05,55.04,53,100,2.73
347,Harper,LR,2021-09-19 05:46:47,4.375,-7.7169,77.0,85,75,5.91
348,Bayan,CN,2021-09-19 05:46:48,46.0833,127.4,50.65,85,98,4.68
349,Tomatlan,MX,2021-09-19 05:46:49,19.9333,-105.25,74.3,98,100,3.58
350,Mana,GF,2021-09-19 05:46:49,5.6592,-53.7767,77.56,89,65,5.64
351,Teresita,PH,2021-09-19 05:46:50,6.4136,124.7072,87.58,62,54,5.21
352,Esna,EG,2021-09-19 05:46:50,25.2934,32.554,77.02,23,0,3.44
353,Marsh Harbour,BS,2021-09-19 05:46:51,26.5412,-77.0636,82.11,70,35,4.47
354,Sopot,PL,2021-09-19 05:43:17,54.4418,18.56,53.89,62,75,12.66
355,Broken Hill,AU,2021-09-19 05:46:52,-31.95,141.4333,71.31,17,0,17.27
356,West Bay,KY,2021-09-19 05:46:52,19.3667,-81.4167,84.0,81,20,1.01
357,Ambilobe,MG,2021-09-19 05:46:53,-13.2,49.05,83.64,52,63,8.72
358,Ardakan,IR,2021-09-19 05:46:53,32.31,54.0175,84.58,11,0,10.04
359,Kudahuvadhoo,MV,2021-09-19 05:46:54,2.6708,72.8944,82.87,75,100,6.17
360,Pochutla,MX,2021-09-19 05:46:55,15.7432,-96.4661,77.83,90,100,3.04
361,George,ZA,2021-09-19 05:46:55,-33.963,22.4617,54.95,76,0,8.05
362,Taxisco,GT,2021-09-19 05:46:56,14.0708,-90.4631,80.94,93,81,3.94
363,Bougouni,ML,2021-09-19 05:46:56,11.417,-7.479,72.66,90,73,4.52
364,Butembo,CD,2021-09-19 05:46:57,0.15,29.2833,61.57,91,92,1.34
365,Auki,SB,2021-09-19 05:46:57,-8.7676,160.7034,81.61,77,56,7.4
366,Gazanjyk,TM,2021-09-19 05:46:58,39.2446,55.5154,79.84,35,86,5.37
367,Neuquen,AR,2021-09-19 05:46:58,-38.9516,-68.0591,54.43,36,29,4.38
368,Plainview,US,2021-09-19 05:46:59,40.7765,-73.4673,74.52,82,20,3.0
369,Srednekolymsk,RU,2021-09-19 05:46:59,67.45,153.6833,37.56,46,36,19.53
370,Demirci,TR,2021-09-19 05:47:01,39.0461,28.6589,70.9,45,0,2.95
371,Channel-Port Aux Basques,CA,2021-09-19 05:47:02,47.5702,-59.1367,61.32,99,99,4.52
372,Itarema,BR,2021-09-19 05:47:02,-2.9248,-39.9167,77.76,78,9,17.47
373,Ixtapa,MX,2021-09-19 05:47:03,20.7,-105.2,75.22,100,90,0.0
374,Westport,US,2021-09-19 05:47:04,41.1415,-73.3579,73.54,85,40,1.01
375,Darhan,MN,2021-09-19 05:47:05,49.4867,105.9228,69.84,51,20,7.18
376,Kayasula,RU,2021-09-19 05:47:06,44.325,45.0,67.3,56,78,15.41
377,Alanya,TR,2021-09-19 05:47:06,36.5438,31.9998,69.93,39,0,2.59
378,Cascais,PT,2021-09-19 05:46:15,38.6979,-9.4215,64.26,73,3,5.01
379,Lasa,IT,2021-09-19 05:47:07,46.6166,10.7002,58.46,94,89,3.13
380,Rudbar,AF,2021-09-19 05:47:07,30.15,62.6,90.19,15,44,9.91
381,Guarapari,BR,2021-09-19 05:47:08,-20.6667,-40.4975,73.29,65,4,3.87
382,Chingirlau,KZ,2021-09-19 05:47:09,51.095,54.0814,48.85,44,42,8.52
383,Isiro,CD,2021-09-19 05:47:10,2.7739,27.616,66.52,98,100,2.51
384,Valentigney,FR,2021-09-19 05:47:12,47.4639,6.8317,60.17,87,98,1.63
385,Port Blair,IN,2021-09-19 05:47:12,11.6667,92.75,87.84,74,40,9.22
386,Melfi,IT,2021-09-19 05:47:13,40.9965,15.6514,68.23,72,18,5.86
387,Duiwelskloof,ZA,2021-09-19 05:47:14,-23.6934,30.14,56.62,63,8,3.09
388,Svetlaya,RU,2021-09-19 05:47:15,46.5389,138.3297,61.18,45,100,4.88
389,Zacualpan,MX,2021-09-19 05:47:15,21.25,-105.1667,75.7,91,100,3.74
390,Boulder City,US,2021-09-19 05:46:13,35.9786,-114.8325,81.59,15,75,6.91
391,Kenai,US,2021-09-19 05:47:16,60.5544,-151.2583,46.45,76,1,0.0
392,Broome,US,2021-09-19 05:47:17,42.2506,-75.833,60.01,78,1,4.61
393,Grand Gaube,MU,2021-09-19 05:47:17,-20.0064,57.6608,77.38,68,93,7.0
394,Roebourne,AU,2021-09-19 05:47:18,-20.7833,117.1333,90.57,18,12,8.52
395,High Level,CA,2021-09-19 05:47:19,58.5169,-117.136,46.51,93,90,2.3
396,Denpasar,ID,2021-09-19 05:47:19,-8.65,115.2167,83.86,74,40,14.97
397,Bilma,NE,2021-09-19 05:47:20,18.6853,12.9164,84.76,17,38,7.34
398,Malalag,PH,2021-09-19 05:47:21,6.5958,125.3992,87.71,70,60,3.65
399,Nuuk,GL,2021-09-19 05:47:21,64.1835,-51.7216,32.61,93,54,11.5
400,Vila Velha,BR,2021-09-19 05:47:22,-20.3297,-40.2925,73.35,78,0,9.22
401,Buala,SB,2021-09-19 05:47:23,-8.145,159.5921,81.73,81,81,11.27
402,Domoni,KM,2021-09-19 05:47:24,-12.2569,44.5319,78.1,75,91,13.69
403,Kjollefjord,NO,2021-09-19 05:47:24,70.9457,27.3465,42.46,75,35,14.7
404,Robertsport,LR,2021-09-19 05:47:25,6.7533,-11.3686,74.39,94,100,6.76
405,Vestmanna,FO,2021-09-19 05:47:26,62.1564,-7.1664,50.92,100,90,16.11
406,The Valley,AI,2021-09-19 05:47:26,18.217,-63.0578,82.09,68,2,14.61
407,Laguna,US,2021-09-19 05:47:27,38.421,-121.4238,67.82,79,90,4.0
408,Slave Lake,CA,2021-09-19 05:47:28,55.2834,-114.769,48.18,87,90,4.61
409,Ust-Barguzin,RU,2021-09-19 05:47:30,53.45,108.9833,64.04,52,42,5.06
410,Haines Junction,CA,2021-09-19 05:47:32,60.7522,-137.5108,40.95,87,100,3.44
411,Leh,IN,2021-09-19 05:47:33,34.1667,77.5833,66.54,23,0,3.94
412,Berdigestyakh,RU,2021-09-19 05:47:35,62.0989,126.6992,39.47,76,57,12.84
413,Phan Thiet,VN,2021-09-19 05:47:35,10.9333,108.1,74.66,95,100,2.46
414,Fria,GN,2021-09-19 05:47:37,10.4167,-13.5833,70.21,98,82,2.06
415,Namibe,AO,2021-09-19 05:44:13,-15.1961,12.1522,61.66,83,9,3.91
416,Lensk,RU,2021-09-19 05:47:38,60.7253,114.9278,55.98,40,85,1.92
417,Valdivia,CL,2021-09-19 05:47:40,-39.8142,-73.2459,37.49,97,9,1.59
418,Guantanamo,CU,2021-09-19 05:47:43,20.1444,-75.2092,80.17,90,64,4.03
419,Turayf,SA,2021-09-19 05:47:44,31.6725,38.6637,73.65,38,0,4.61
420,Rosetta,EG,2021-09-19 05:47:45,31.4044,30.4164,71.42,54,0,2.21
421,Atbasar,KZ,2021-09-19 05:47:46,51.8,68.3333,46.08,51,62,16.44
422,College,US,2021-09-19 05:47:48,64.8569,-147.8028,42.46,65,75,3.44
423,Moerai,PF,2021-09-19 05:47:49,-22.4333,-151.3333,73.2,72,5,17.38
424,San Lawrenz,MT,2021-09-19 05:47:50,36.0553,14.204,78.21,90,0,11.36
425,Hamilton,US,2021-09-19 05:47:17,39.1834,-84.5333,72.99,91,1,0.0
426,Gazli,UZ,2021-09-19 05:47:51,40.1333,63.45,82.24,13,0,12.75
427,Yokadouma,CM,2021-09-19 05:47:53,3.5167,15.05,69.57,98,100,0.58
428,Fairbanks,US,2021-09-19 05:45:54,64.8378,-147.7164,39.2,65,75,5.75
429,Hampton,US,2021-09-19 05:47:54,37.0299,-76.3452,74.01,94,1,0.0
430,Shingu,JP,2021-09-19 05:47:55,33.7333,135.9833,81.91,74,90,4.36
431,Ocos,GT,2021-09-19 05:47:55,14.5094,-92.1933,81.73,84,90,5.66
432,Sioux Lookout,CA,2021-09-19 05:47:57,50.1001,-91.917,61.18,67,1,11.5
433,Vostok,RU,2021-09-19 05:47:58,46.4856,135.8833,50.23,49,96,3.24
434,Amahai,ID,2021-09-19 05:47:59,-3.3333,128.9167,79.83,86,85,6.71
435,General Higinio Morinigo,PY,2021-09-19 05:48:00,-25.95,-55.9167,71.29,80,59,4.47
436,Caborca,MX,2021-09-19 05:48:00,30.5838,-111.101,76.5,68,13,3.49
437,Namie,JP,2021-09-19 05:48:01,37.4833,141.0,82.94,69,79,5.28
438,Pangnirtung,CA,2021-09-19 05:48:02,66.1451,-65.7125,32.56,79,100,5.08
439,Senno,RU,2021-09-19 05:48:03,59.5336,33.9167,38.88,68,88,8.16
440,Montrose,US,2021-09-19 05:45:47,38.4166,-108.2673,48.54,87,85,5.12
441,San Ignacio,BZ,2021-09-19 05:48:04,17.1561,-89.0714,73.54,100,0,0.0
442,Teguldet,RU,2021-09-19 05:48:05,57.3064,88.1667,51.04,55,100,9.1
443,Manthani,IN,2021-09-19 05:48:06,18.65,79.6667,87.33,65,93,3.18
444,Ulagan,RU,2021-09-19 05:48:07,50.6321,87.9563,67.86,26,58,2.1
445,Champerico,GT,2021-09-19 05:48:07,14.3,-91.9167,81.77,86,64,4.94
446,Lang Son,VN,2021-09-19 05:48:08,21.8333,106.7333,89.71,54,52,7.16
447,Mayor Pablo Lagerenza,PY,2021-09-19 05:48:08,-19.9309,-60.7718,78.94,35,22,6.22
448,Samarai,PG,2021-09-19 05:48:09,-10.6167,150.6667,78.67,87,100,18.1
449,Suntar,RU,2021-09-19 05:48:10,62.1444,117.6319,48.4,40,26,4.97
450,Tezu,IN,2021-09-19 05:48:10,27.9167,96.1667,89.73,46,0,3.69
451,Nsoko,SZ,2021-09-19 05:48:11,-27.0333,31.95,60.06,64,0,8.08
452,Puerto Escondido,MX,2021-09-19 05:48:12,15.85,-97.0667,78.22,89,100,4.45
453,Puerto El Triunfo,SV,2021-09-19 05:48:13,13.2833,-88.55,83.32,85,100,1.88
454,Guarulhos,BR,2021-09-19 05:44:39,-23.4628,-46.5333,67.33,94,21,1.14
455,Kargil,IN,2021-09-19 05:48:14,34.5667,76.1,66.09,28,0,2.17
456,Bouillante,GP,2021-09-19 05:48:15,16.1304,-61.7692,72.63,77,67,5.12
457,Muravlenko,RU,2021-09-19 05:48:16,63.7898,74.523,33.8,97,100,15.5
458,Sarandi,BR,2021-09-19 05:48:16,-23.4436,-51.8739,72.41,51,17,4.09
459,Taltal,CL,2021-09-19 05:48:16,-25.4,-70.4833,55.38,87,100,5.79
460,Naze,JP,2021-09-19 05:48:17,28.3667,129.4833,83.32,69,13,7.14
461,Rovaniemi,FI,2021-09-19 05:48:17,66.5,25.7167,40.41,93,90,6.91
462,Marrakesh,MA,2021-09-19 05:43:57,31.6315,-8.0083,66.27,82,0,6.91
463,Bandarbeyla,SO,2021-09-19 05:48:19,9.4942,50.8122,85.57,61,100,23.49
464,Moose Factory,CA,2021-09-19 05:48:19,51.2585,-80.6094,50.0,87,1,5.75
465,Purpe,RU,2021-09-19 05:48:20,64.4803,76.6897,40.48,81,100,15.08
466,Matamoros,MX,2021-09-19 05:48:20,25.5333,-103.25,80.11,39,8,12.68
467,Suarez,CO,2021-09-19 05:48:21,2.954,-76.6964,66.51,96,89,1.59
468,Oildale,US,2021-09-19 05:48:22,35.4197,-119.0195,72.23,40,0,3.4
469,Touros,BR,2021-09-19 05:48:24,-5.1989,-35.4608,72.5,71,10,15.86
470,Korla,CN,2021-09-19 05:48:25,41.7597,86.1469,86.68,15,0,10.02
471,Ostersund,SE,2021-09-19 05:48:26,63.1792,14.6357,43.25,93,90,12.66
472,Muli,MV,2021-09-19 05:48:27,2.9167,73.5667,83.08,74,94,6.96
473,Princeton,US,2021-09-19 05:45:43,25.5384,-80.4089,82.4,91,75,0.0
474,Morehead,US,2021-09-19 05:48:28,37.2711,-87.1764,70.3,97,1,0.0
475,Clearwater,US,2021-09-19 05:43:37,27.9659,-82.8001,78.78,89,40,1.01
476,Bosaso,SO,2021-09-19 05:48:29,11.2842,49.1816,87.78,89,40,5.75
477,Manacapuru,BR,2021-09-19 05:48:30,-3.2997,-60.6206,75.78,90,47,0.81
478,Najran,SA,2021-09-19 05:48:31,17.4924,44.1277,79.45,12,58,13.58
479,Flinders,AU,2021-09-19 05:48:32,-34.5833,150.8552,75.2,37,14,10.0
480,Harlingen,US,2021-09-19 05:48:34,26.1906,-97.6961,82.35,93,1,4.61
481,Novo Aripuana,BR,2021-09-19 05:48:36,-5.1206,-60.3797,72.39,97,62,0.54
482,Juarez,MX,2021-09-19 05:46:39,31.7333,-106.4833,86.18,27,1,1.01
483,Chitrakonda,IN,2021-09-19 05:48:37,18.1167,82.0833,82.15,72,100,3.33
484,Aksarka,RU,2021-09-19 05:48:40,66.5606,67.7975,32.34,99,100,22.66
485,Boden,SE,2021-09-19 05:48:41,65.8252,21.6886,41.0,73,100,2.82
486,Thanh Hoa,VN,2021-09-19 05:48:42,19.8,105.7667,89.8,60,53,9.84
487,Sinop,TR,2021-09-19 05:48:42,41.7711,34.8709,59.43,75,95,4.61
488,Dolores,AR,2021-09-19 05:48:43,-36.3132,-57.6792,51.93,96,0,6.62
489,Hervey Bay,AU,2021-09-19 05:48:44,-25.2986,152.8535,77.11,66,1,12.5
490,Zyryanka,RU,2021-09-19 05:48:45,65.75,150.85,48.36,59,100,10.13
491,Bam,IR,2021-09-19 05:48:45,29.106,58.357,95.38,5,0,6.8
492,Aswan,EG,2021-09-19 05:48:46,24.0934,32.907,76.3,35,0,6.91
493,Tiznit,MA,2021-09-19 05:48:47,29.5833,-9.5,64.85,86,99,1.52
494,Coihaique,CL,2021-09-19 05:46:14,-45.5752,-72.0662,39.65,95,94,4.52
495,Quelimane,MZ,2021-09-19 05:48:48,-17.8786,36.8883,74.32,54,88,9.93
496,Bulgan,MN,2021-09-19 05:48:48,48.8125,103.5347,65.08,51,44,3.15
497,Oranjemund,NA,2021-09-19 05:48:48,-28.55,16.4333,54.99,83,39,12.66
498,Santa Maria Do Suacui,BR,2021-09-19 05:48:49,-18.1903,-42.4142,62.91,60,14,1.07
499,Bafq,IR,2021-09-19 05:48:50,31.6128,55.4107,88.99,8,0,3.31
500,Katherine,AU,2021-09-19 05:48:50,-14.4667,132.2667,97.12,16,6,17.27
501,Manzhouli,CN,2021-09-19 05:48:51,49.6,117.4333,58.57,34,0,4.0
502,Riyadh,SA,2021-09-19 05:47:38,24.6877,46.7219,89.74,14,0,9.22
503,El Cobre,CU,2021-09-19 05:48:52,20.0489,-75.9469,78.24,89,20,5.75
504,Kieta,PG,2021-09-19 05:48:52,-6.2167,155.6333,81.95,77,95,5.86
505,Bagacay,PH,2021-09-19 05:48:53,12.9821,124.1415,82.99,77,100,9.64
506,Matara,LK,2021-09-19 05:48:53,5.9485,80.5353,86.79,65,96,11.43
507,Maun,BW,2021-09-19 05:48:54,-19.9833,23.4167,60.76,67,0,5.75
508,Crotone,IT,2021-09-19 05:48:55,39.0851,17.1178,78.69,60,68,5.41
509,Muros,ES,2021-09-19 05:48:56,42.7762,-9.0603,57.83,93,63,4.32
510,Chernyshevskiy,RU,2021-09-19 05:48:56,63.0128,112.4714,46.67,53,89,6.29
511,Burkburnett,US,2021-09-19 05:48:57,34.0979,-98.5706,76.89,63,1,4.61
512,Amuntai,ID,2021-09-19 05:48:58,-2.4177,115.2494,93.72,40,14,2.17
513,Gat,IL,2021-09-19 05:48:58,31.61,34.7642,79.92,100,0,6.15
514,Pesqueira,BR,2021-09-19 05:48:59,-8.3578,-36.6964,63.88,86,57,8.19
515,Balarampur,IN,2021-09-19 05:48:59,23.1167,86.2167,84.61,83,100,4.27
516,Karatau,KZ,2021-09-19 05:49:00,43.1667,70.4667,76.37,16,2,7.61
517,Domat,CH,2021-09-19 05:49:01,46.8348,9.4508,55.74,82,72,2.48
518,Nizhniy Kuranakh,RU,2021-09-19 05:49:01,58.8353,125.4869,46.38,61,75,9.84
519,Mushie,CD,2021-09-19 05:49:02,-3.0167,16.9,76.12,81,100,2.46
520,Mogadishu,SO,2021-09-19 05:49:03,2.0371,45.3438,80.47,94,75,17.27
521,Tura,IN,2021-09-19 05:49:03,25.5198,90.2201,81.97,79,30,4.43
522,Yar-Sale,RU,2021-09-19 05:49:04,66.8333,70.8333,34.95,99,100,17.52
523,Bintulu,MY,2021-09-19 05:49:04,3.1667,113.0333,90.01,62,20,5.75
524,Ballina,AU,2021-09-19 05:49:05,-28.8667,153.5667,77.18,71,75,12.66
525,Pontian Kecil,MY,2021-09-19 05:49:06,1.4801,103.3899,86.04,73,98,9.84
526,Worland,US,2021-09-19 05:49:06,44.0169,-107.9554,69.15,44,40,5.01
527,Rio Branco,BR,2021-09-19 05:49:07,-9.9747,-67.81,79.41,83,23,4.61
528,Tokonou,GN,2021-09-19 05:49:08,9.65,-9.7833,67.64,96,86,2.71
529,Rabo De Peixe,PT,2021-09-19 05:49:09,37.8,-25.5833,65.71,72,20,8.05
530,Agadir,MA,2021-09-19 05:49:10,30.4202,-9.5982,72.05,87,91,5.23
531,Cetateni,RO,2021-09-19 05:49:10,45.2,25.1833,57.15,52,3,2.08
532,Tehachapi,US,2021-09-19 05:45:01,35.1322,-118.449,67.26,52,0,5.99
533,Fomboni,KM,2021-09-19 05:49:11,-12.28,43.7425,77.09,75,86,22.64
534,Mandurah,AU,2021-09-19 05:49:12,-32.55,115.7,67.14,75,78,11.18
535,Dawson Creek,CA,2021-09-19 05:49:12,55.7666,-120.2362,42.76,93,40,2.3
536,Moroni,KM,2021-09-19 05:49:13,-11.7022,43.2551,80.6,74,20,23.02
537,Portland,US,2021-09-19 05:46:23,45.5234,-122.6762,58.98,92,90,1.01
538,Clonmel,IE,2021-09-19 05:46:31,52.355,-7.7039,53.42,96,35,4.94
539,Chaplynka,UA,2021-09-19 05:49:14,46.3651,33.5403,64.99,72,34,5.84
540,Rio Gallegos,AR,2021-09-19 05:49:15,-51.6226,-69.2181,41.05,87,75,13.8
541,Ozernovskiy,RU,2021-09-19 05:49:16,51.5,156.5167,52.34,89,100,16.67
542,Nelson Bay,AU,2021-09-19 05:49:17,-32.7167,152.15,76.95,53,0,1.99
543,Cerro Gordo,US,2021-09-19 05:49:17,43.0833,-93.2669,67.82,83,1,8.05
544,Seydi,TM,2021-09-19 05:49:18,39.4816,62.9137,83.82,13,0,14.18
545,Malindi,KE,2021-09-19 05:49:19,-3.2175,40.1191,75.36,94,20,0.0
546,Calama,CL,2021-09-19 05:48:28,-22.4667,-68.9333,50.49,10,37,17.27
547,Itaituba,BR,2021-09-19 05:49:20,-4.2761,-55.9836,73.62,82,97,0.63
