City_ID,City,Country,Date,Lat,Lng,Max Temp,Humidity,Cloudiness,Wind Speed,Current Description
0,Port Elizabeth,ZA,2021-09-24 20:05:07,-33.918,25.5701,54.1,88,40,1.45,scattered clouds
1,Busselton,AU,2021-09-24 20:05:07,-33.65,115.3333,47.05,76,11,14.81,few clouds
2,Mahebourg,MU,2021-09-24 20:05:08,-20.4081,57.7,71.26,79,4,15.48,clear sky
3,Ushuaia,AR,2021-09-24 20:05:08,-54.8,-68.3,42.46,87,75,13.8,heavy intensity drizzle
4,Klaksvik,FO,2021-09-24 20:05:09,62.2266,-6.589,43.72,68,95,11.41,overcast clouds
5,Tasiilaq,GL,2021-09-24 20:05:10,65.6145,-37.6368,37.56,88,93,4.7,overcast clouds
6,Atuona,PF,2021-09-24 20:05:10,-9.8,-139.0333,77.49,78,52,18.14,broken clouds
7,Zelenoborskiy,RU,2021-09-24 20:05:10,66.845,32.3622,45.86,98,100,7.56,overcast clouds
8,Irtyshskiy,RU,2021-09-24 20:05:11,58.3333,68.1333,39.11,89,8,2.62,clear sky
9,Avarua,CK,2021-09-24 20:01:35,-21.2078,-159.775,75.25,60,99,11.5,overcast clouds
10,Cabo San Lucas,MX,2021-09-24 20:03:32,22.8909,-109.9124,95.61,66,20,12.66,few clouds
11,Barrow,US,2021-09-24 20:05:05,71.2906,-156.7887,24.82,93,90,3.44,overcast clouds
12,Dhidhdhoo,MV,2021-09-24 20:05:14,6.8833,73.1,81.39,79,82,13.09,broken clouds
13,Gashua,NG,2021-09-24 20:05:14,12.871,11.0482,89.56,25,91,7.18,overcast clouds
14,Khatanga,RU,2021-09-24 20:05:15,71.9667,102.5,30.24,91,69,6.26,broken clouds
15,Sabha,LY,2021-09-24 20:05:15,27.0377,14.4283,86.25,24,0,9.71,clear sky
16,Bredasdorp,ZA,2021-09-24 20:05:16,-34.5322,20.0403,50.29,92,34,3.8,scattered clouds
17,Marawi,PH,2021-09-24 20:05:16,7.9986,124.2928,68.65,94,100,1.36,light rain
18,Chuy,UY,2021-09-24 20:05:16,-33.6971,-53.4616,59.99,81,0,10.45,clear sky
19,Cidreira,BR,2021-09-24 20:05:17,-30.1811,-50.2056,65.77,77,22,9.35,few clouds
20,Kurmanayevka,RU,2021-09-24 20:05:17,52.5093,52.0675,61.52,24,100,20.13,moderate rain
21,Ancud,CL,2021-09-24 20:05:18,-41.8697,-73.8203,63.93,84,76,8.12,broken clouds
22,Mataura,NZ,2021-09-24 20:05:18,-46.1927,168.8643,50.49,62,31,10.38,scattered clouds
23,Jamestown,US,2021-09-24 20:05:19,42.097,-79.2353,69.3,50,20,17.0,few clouds
24,Saskylakh,RU,2021-09-24 20:05:19,71.9167,114.0833,30.79,93,100,10.56,overcast clouds
25,Copperas Cove,US,2021-09-24 20:05:20,31.1241,-97.9031,88.3,26,1,11.5,clear sky
26,Panlaitan,PH,2021-09-24 20:05:20,12.1191,119.8486,82.13,74,26,2.42,scattered clouds
27,Port Alfred,ZA,2021-09-24 20:05:21,-33.5906,26.891,59.74,83,67,2.89,broken clouds
28,Afua,BR,2021-09-24 20:05:21,-0.1567,-50.3867,86.9,58,97,8.66,overcast clouds
29,Lata,PT,2021-09-24 20:05:22,40.1629,-8.3327,64.04,83,99,3.4,overcast clouds
30,Ponta Do Sol,PT,2021-09-24 20:05:22,32.6667,-17.1,70.72,73,28,3.58,scattered clouds
31,Albany,US,2021-09-24 20:05:23,42.6001,-73.9662,73.58,61,0,6.02,clear sky
32,Poum,NC,2021-09-24 20:05:23,-20.2333,164.0167,70.61,69,94,12.35,overcast clouds
33,Bluff,NZ,2021-09-24 20:05:24,-46.6,168.3333,50.81,66,41,19.91,scattered clouds
34,Puerto Del Rosario,ES,2021-09-24 20:02:41,28.5004,-13.8627,73.15,73,20,11.5,few clouds
35,Severo-Kurilsk,RU,2021-09-24 20:05:24,50.6789,156.125,47.89,92,100,29.53,light rain
36,Rikitea,PF,2021-09-24 20:05:25,-23.1203,-134.9692,73.94,80,100,22.59,overcast clouds
37,Clyde River,CA,2021-09-24 20:05:25,70.4692,-68.5914,34.92,62,11,3.44,few clouds
38,Souillac,MU,2021-09-24 20:05:26,-20.5167,57.5167,71.37,80,6,14.03,clear sky
39,Mao,ES,2021-09-24 20:05:26,39.8885,4.2658,75.76,94,75,10.36,broken clouds
40,Chokurdakh,RU,2021-09-24 20:05:27,70.6333,147.9167,31.84,98,100,15.46,light snow
41,Saint George,US,2021-09-24 20:02:46,37.1041,-113.5841,90.79,14,1,1.99,clear sky
42,Tuatapere,NZ,2021-09-24 20:05:28,-46.1333,167.6833,50.83,71,57,12.53,broken clouds
43,Nikolskoye,RU,2021-09-24 20:05:28,59.7035,30.7861,47.39,88,100,5.75,overcast clouds
44,Dubbo,AU,2021-09-24 20:05:29,-32.25,148.6167,42.93,81,0,4.61,clear sky
45,Punta Arenas,CL,2021-09-24 20:05:29,-53.15,-70.9167,55.42,62,75,16.11,broken clouds
46,Morondava,MG,2021-09-24 20:05:30,-20.2833,44.2833,73.78,87,4,10.89,clear sky
47,Rusne,LT,2021-09-24 20:05:30,55.2964,21.3758,55.49,71,100,14.18,overcast clouds
48,Vaini,TO,2021-09-24 20:05:31,-21.2,-175.2,71.76,78,20,13.8,few clouds
49,Bambous Virieux,MU,2021-09-24 20:05:31,-20.3428,57.7575,71.22,79,5,15.3,clear sky
50,Nanortalik,GL,2021-09-24 20:05:32,60.1432,-45.2371,36.52,46,0,5.23,clear sky
51,Gorontalo,ID,2021-09-24 20:05:32,0.5412,123.0595,74.52,95,93,1.86,overcast clouds
52,Keflavik,IS,2021-09-24 20:05:33,64.0049,-22.5624,43.23,81,75,10.36,broken clouds
53,Castro,BR,2021-09-24 20:01:54,-24.7911,-50.0119,76.95,49,95,2.93,overcast clouds
54,Qaanaaq,GL,2021-09-24 20:05:33,77.484,-69.3632,15.87,70,26,7.05,scattered clouds
55,Cape Town,ZA,2021-09-24 20:02:21,-33.9258,18.4232,57.34,80,77,1.9,broken clouds
56,Baykit,RU,2021-09-24 20:05:34,61.67,96.37,30.94,96,100,2.73,overcast clouds
57,Tiksi,RU,2021-09-24 20:05:35,71.6872,128.8694,32.49,81,97,14.79,overcast clouds
58,Bandarbeyla,SO,2021-09-24 20:05:35,9.4942,50.8122,80.26,66,100,23.47,light rain
59,Waingapu,ID,2021-09-24 20:05:36,-9.6567,120.2641,75.15,78,80,7.38,broken clouds
60,Luderitz,NA,2021-09-24 20:05:36,-26.6481,15.1594,60.19,71,10,14.79,clear sky
61,Gudari,IN,2021-09-24 20:05:37,19.35,83.7833,76.55,97,74,0.6,broken clouds
62,Pascagoula,US,2021-09-24 20:05:37,30.3658,-88.5561,81.41,45,1,9.22,clear sky
63,Georgetown,MY,2021-09-24 20:05:38,5.4112,100.3354,82.89,87,20,0.0,few clouds
64,Barhiya,IN,2021-09-24 20:05:38,25.2833,86.0333,82.06,73,11,4.25,few clouds
65,Lebu,CL,2021-09-24 20:05:39,-37.6167,-73.65,58.03,76,4,9.15,clear sky
66,Carnarvon,AU,2021-09-24 20:05:39,-24.8667,113.6333,66.27,82,75,14.97,broken clouds
67,Kapaa,US,2021-09-24 20:05:40,22.0752,-159.319,84.18,75,90,4.0,overcast clouds
68,Ixtapa,MX,2021-09-24 20:05:40,20.7,-105.2,89.22,69,89,5.01,overcast clouds
69,Benguela,AO,2021-09-24 20:05:41,-12.5763,13.4055,73.96,78,59,3.96,broken clouds
70,Harstad,NO,2021-09-24 20:05:41,68.799,16.5293,47.59,96,96,8.99,overcast clouds
71,Boralday,KZ,2021-09-24 20:05:42,43.3578,76.8594,40.86,56,20,4.47,few clouds
72,Pevek,RU,2021-09-24 20:05:42,69.7008,170.3133,28.02,85,100,10.42,overcast clouds
73,Raudeberg,NO,2021-09-24 20:05:43,61.9875,5.1352,53.2,95,72,11.01,broken clouds
74,Turka,UA,2021-09-24 20:05:44,49.1541,23.0297,47.8,85,100,5.86,overcast clouds
75,Belmonte,BR,2021-09-24 20:05:44,-15.8631,-38.8828,73.9,61,55,8.97,broken clouds
76,Terney,RU,2021-09-24 20:05:44,45.0503,136.6092,49.84,76,21,6.02,few clouds
77,Narsaq,GL,2021-09-24 20:05:45,60.9167,-46.05,41.22,47,1,6.93,clear sky
78,Vestmanna,FO,2021-09-24 20:05:45,62.1564,-7.1664,41.92,87,75,5.75,broken clouds
79,Kirakira,SB,2021-09-24 20:05:46,-10.4544,161.9205,79.3,85,32,7.67,scattered clouds
80,Provideniya,RU,2021-09-24 20:05:47,64.3833,-173.3,33.98,90,100,18.03,light rain
81,Bubaque,GW,2021-09-24 20:05:47,11.2833,-15.8333,81.54,75,21,5.06,few clouds
82,Wangaratta,AU,2021-09-24 20:05:48,-36.3667,146.3333,41.31,83,1,9.22,clear sky
83,Parabel,RU,2021-09-24 20:05:48,58.6978,81.4825,33.46,97,100,7.18,overcast clouds
84,Ivankiv,UA,2021-09-24 20:05:49,50.9386,29.8943,50.61,88,100,13.27,overcast clouds
85,Priladozhskiy,RU,2021-09-24 20:05:49,59.85,31.4833,47.14,17,100,6.31,overcast clouds
86,Hermanus,ZA,2021-09-24 20:05:50,-34.4187,19.2345,56.89,86,37,2.66,scattered clouds
87,Bilibino,RU,2021-09-24 20:05:50,68.0546,166.4372,22.44,95,100,1.9,overcast clouds
88,Hithadhoo,MV,2021-09-24 20:05:51,-0.6,73.0833,82.47,69,100,14.61,overcast clouds
89,Yellowknife,CA,2021-09-24 20:03:37,62.456,-114.3525,46.42,94,100,4.0,overcast clouds
90,Catumbela,AO,2021-09-24 20:05:51,-12.4314,13.5472,73.98,78,44,3.38,scattered clouds
91,Klamath Falls,US,2021-09-24 20:01:45,42.2249,-121.7817,80.87,25,1,10.36,clear sky
92,San Luis,AR,2021-09-24 20:05:52,-33.295,-66.3356,78.03,19,0,10.85,clear sky
93,Vila Do Maio,CV,2021-09-24 20:05:53,15.1333,-23.2167,81.39,76,100,15.64,overcast clouds
94,Bonthe,SL,2021-09-24 20:05:53,7.5264,-12.505,78.78,85,84,5.88,broken clouds
95,Bridlington,GB,2021-09-24 20:05:54,54.0831,-0.1919,68.18,91,40,13.31,scattered clouds
96,Upernavik,GL,2021-09-24 20:05:54,72.7868,-56.1549,25.39,87,85,4.18,overcast clouds
97,Puerto Ayora,EC,2021-09-24 20:05:55,-0.7393,-90.3518,72.5,77,60,10.02,broken clouds
98,Bundaberg,AU,2021-09-24 20:05:55,-24.85,152.35,62.22,87,1,1.01,clear sky
99,Sao Filipe,CV,2021-09-24 20:05:56,14.8961,-24.4956,78.66,74,75,10.49,broken clouds
100,Bethel,US,2021-09-24 20:05:56,41.3712,-73.414,74.48,57,1,4.61,clear sky
101,Mar Del Plata,AR,2021-09-24 20:04:06,-38.0023,-57.5575,62.01,55,20,17.0,few clouds
102,Apostolove,UA,2021-09-24 20:05:57,47.66,33.7137,50.43,94,53,10.49,broken clouds
103,Maldonado,UY,2021-09-24 20:01:26,-34.6667,-54.9167,56.23,79,38,11.16,scattered clouds
104,Richards Bay,ZA,2021-09-24 20:05:57,-28.783,32.0377,65.95,89,93,4.38,overcast clouds
105,Prata,BR,2021-09-24 20:05:58,-19.3072,-48.9242,95.05,16,88,6.73,overcast clouds
106,Warri,NG,2021-09-24 20:05:58,5.5167,5.75,77.38,88,100,3.4,overcast clouds
107,High Level,CA,2021-09-24 20:05:59,58.5169,-117.136,60.17,58,100,5.7,overcast clouds
108,Songea,TZ,2021-09-24 20:05:59,-10.6833,35.65,66.81,55,63,1.28,broken clouds
109,Longyearbyen,SJ,2021-09-24 20:02:16,78.2186,15.6401,42.64,81,75,5.75,broken clouds
110,Hilo,US,2021-09-24 20:06:00,19.7297,-155.09,84.27,69,20,9.22,few clouds
111,San Quintin,MX,2021-09-24 20:06:01,30.4833,-115.95,75.2,63,6,11.14,clear sky
112,Iqaluit,CA,2021-09-24 20:06:01,63.7506,-68.5145,32.7,80,7,8.99,clear sky
113,Dehloran,IR,2021-09-24 20:06:02,32.6941,47.2679,86.97,21,0,3.67,clear sky
114,Amapa,BR,2021-09-24 20:06:03,1.0,-52.0,84.42,49,100,0.89,overcast clouds
115,Bulungu,CD,2021-09-24 20:06:03,-4.55,18.6,74.91,72,55,1.83,broken clouds
116,Iranshahr,IR,2021-09-24 20:06:05,27.2025,60.6848,88.84,40,58,3.78,broken clouds
117,Alyangula,AU,2021-09-24 20:06:05,-13.8483,136.4192,73.58,74,6,8.84,clear sky
118,Mecca,SA,2021-09-24 20:02:52,21.4267,39.8261,86.31,51,22,5.17,few clouds
119,Kathmandu,NP,2021-09-24 20:06:06,27.7167,85.3167,70.02,94,75,2.3,light rain
120,Torbay,CA,2021-09-24 20:06:06,47.6666,-52.7314,52.29,76,21,4.0,few clouds
121,Lavrentiya,RU,2021-09-24 20:06:07,65.5833,-171.0,31.91,95,100,25.86,snow
122,Tondano,ID,2021-09-24 20:06:07,1.3038,124.9112,66.29,94,94,2.53,overcast clouds
123,Vila Franca Do Campo,PT,2021-09-24 20:06:08,37.7167,-25.4333,73.2,70,99,4.5,overcast clouds
124,Panaba,MX,2021-09-24 20:06:08,21.2833,-88.2667,85.35,69,100,8.59,overcast clouds
125,Ayagoz,KZ,2021-09-24 20:06:09,47.9714,80.4392,31.28,67,7,8.48,clear sky
126,Metu,ET,2021-09-24 20:06:09,8.3,35.5833,58.57,98,100,2.39,overcast clouds
127,Pombas,CV,2021-09-24 20:06:10,17.1503,-25.0201,76.78,75,68,11.39,broken clouds
128,New Norfolk,AU,2021-09-24 20:06:10,-42.7826,147.0587,38.91,72,9,1.01,clear sky
129,Dalvik,IS,2021-09-24 20:06:11,65.9702,-18.5286,36.7,78,94,6.04,overcast clouds
130,Dikson,RU,2021-09-24 20:06:11,73.5069,80.5464,35.64,84,77,16.24,broken clouds
131,Singaraja,ID,2021-09-24 20:06:12,-8.112,115.0882,77.97,82,96,1.83,overcast clouds
132,Castres,FR,2021-09-24 20:06:12,43.5833,2.1667,69.19,71,0,4.61,clear sky
133,Suez,EG,2021-09-24 20:06:13,29.9737,32.5263,71.19,60,0,8.86,clear sky
134,Ribeira Grande,PT,2021-09-24 20:06:13,38.5167,-28.7,72.0,73,40,14.97,scattered clouds
135,La Reforma,MX,2021-09-24 20:06:14,25.0833,-108.05,96.15,58,11,8.77,few clouds
136,Coihaique,CL,2021-09-24 20:05:29,-45.5752,-72.0662,64.35,42,40,5.75,scattered clouds
137,Lorengau,PG,2021-09-24 20:06:15,-2.0226,147.2712,81.41,76,17,7.72,few clouds
138,Bintulu,MY,2021-09-24 20:06:15,3.1667,113.0333,75.94,89,93,3.83,overcast clouds
139,Kaitangata,NZ,2021-09-24 20:06:16,-46.2817,169.8464,53.87,59,6,13.44,clear sky
140,Swakopmund,NA,2021-09-24 20:06:16,-22.6833,14.5333,55.98,86,2,1.99,clear sky
141,Kucura,RS,2021-09-24 20:06:17,45.5195,19.5838,63.23,66,6,4.88,clear sky
142,Gobabis,NA,2021-09-24 20:06:17,-22.45,18.9667,71.96,13,0,11.27,clear sky
143,Hobart,AU,2021-09-24 20:02:41,-42.8794,147.3294,39.25,77,12,4.0,few clouds
144,Puerto Madryn,AR,2021-09-24 20:03:58,-42.7692,-65.0385,75.85,26,11,25.37,few clouds
145,Katsuura,JP,2021-09-24 20:06:18,35.1333,140.3,73.11,77,100,14.76,overcast clouds
146,Nemuro,JP,2021-09-24 20:06:19,43.3236,145.575,52.84,79,3,13.09,clear sky
147,Andros Town,BS,2021-09-24 20:06:19,24.7,-77.7667,84.16,66,79,6.46,moderate rain
148,Vardo,NO,2021-09-24 20:06:20,70.3705,31.1107,48.4,93,75,18.41,broken clouds
149,Talnakh,RU,2021-09-24 20:06:20,69.4865,88.3972,32.47,71,0,2.01,clear sky
150,Atbasar,KZ,2021-09-24 20:06:21,51.8,68.3333,40.64,51,8,6.06,clear sky
151,Ilulissat,GL,2021-09-24 20:06:22,69.2167,-51.1,26.62,54,75,2.3,broken clouds
152,Touros,BR,2021-09-24 20:03:55,-5.1989,-35.4608,81.5,74,41,17.07,scattered clouds
153,Gat,IL,2021-09-24 20:06:22,31.61,34.7642,72.91,59,0,2.1,clear sky
154,Qaqortoq,GL,2021-09-24 20:06:23,60.7167,-46.0333,41.5,49,2,9.98,clear sky
155,Longyan,CN,2021-09-24 20:06:24,25.1072,117.0225,71.49,95,1,1.72,clear sky
156,Kholmogory,RU,2021-09-24 20:06:24,64.2229,41.656,50.11,94,100,8.86,overcast clouds
157,Lima,PE,2021-09-24 20:06:25,-12.0432,-77.0282,65.39,92,20,1.99,few clouds
158,Romitan,UZ,2021-09-24 20:06:25,39.9343,64.3814,64.35,48,0,4.61,clear sky
159,Norman Wells,CA,2021-09-24 20:06:25,65.282,-126.8329,38.84,90,100,6.35,overcast clouds
160,Alice Springs,AU,2021-09-24 20:03:52,-23.7,133.8833,49.55,34,72,0.0,broken clouds
161,Butaritari,KI,2021-09-24 20:06:26,3.0707,172.7902,83.61,74,13,14.07,few clouds
162,Pangody,RU,2021-09-24 20:06:27,65.85,74.4859,31.57,80,0,7.29,clear sky
163,Laguna,US,2021-09-24 20:06:27,38.421,-121.4238,99.21,31,1,1.99,haze
164,Myitkyina,MM,2021-09-24 20:06:28,25.3833,97.4,74.98,86,2,1.9,clear sky
165,Abbeville,FR,2021-09-24 20:06:28,50.1,1.8333,62.56,96,47,4.81,scattered clouds
166,Nador,MA,2021-09-24 20:06:29,35.174,-2.9287,70.05,100,40,9.22,scattered clouds
167,Mokhsogollokh,RU,2021-09-24 20:06:29,61.4681,128.9203,38.41,96,100,9.24,overcast clouds
168,El Paujil,CO,2021-09-24 20:06:30,1.5701,-75.3286,81.88,69,41,3.53,scattered clouds
169,Rawson,AR,2021-09-24 20:06:31,-43.3002,-65.1023,78.39,23,42,27.6,scattered clouds
170,Preobrazheniye,RU,2021-09-24 20:06:32,42.9019,133.9064,55.45,88,78,4.34,broken clouds
171,Aklavik,CA,2021-09-24 20:06:33,68.2191,-135.0107,31.39,88,100,16.31,light snow
172,Eyl,SO,2021-09-24 20:06:33,7.9803,49.8164,77.31,77,21,15.35,few clouds
173,Tarakan,ID,2021-09-24 20:06:34,3.3,117.6333,78.19,85,93,6.78,overcast clouds
174,Praia,CV,2021-09-24 20:06:34,14.9215,-23.5087,81.14,74,75,13.8,broken clouds
175,Puerto Quijarro,BO,2021-09-24 20:06:35,-17.7833,-57.7667,105.4,16,10,4.38,clear sky
176,Lourdes,FR,2021-09-24 20:06:35,43.1,-0.05,65.95,94,0,0.0,clear sky
177,Tuktoyaktuk,CA,2021-09-24 20:06:36,69.4541,-133.0374,34.74,82,100,22.57,overcast clouds
178,Victoria,HK,2021-09-24 20:06:36,22.2855,114.1577,84.38,83,14,1.01,few clouds
179,Hasaki,JP,2021-09-24 20:06:36,35.7333,140.8333,70.29,74,100,16.78,overcast clouds
180,Padang,ID,2021-09-24 20:06:37,-0.9492,100.3543,75.96,92,96,3.65,moderate rain
181,Fare,PF,2021-09-24 20:06:38,-16.7,-151.0167,76.53,63,0,4.12,clear sky
182,Arraial Do Cabo,BR,2021-09-24 20:06:38,-22.9661,-42.0278,71.46,60,0,24.16,clear sky
183,Ust-Omchug,RU,2021-09-24 20:02:32,61.15,149.6333,35.69,71,7,4.79,clear sky
184,Port Lincoln,AU,2021-09-24 20:06:39,-34.7333,135.8667,52.63,71,100,10.04,overcast clouds
185,Geraldton,AU,2021-09-24 20:06:40,-28.7667,114.6,48.61,81,7,3.44,clear sky
186,Khandbari,NP,2021-09-24 20:06:40,27.3747,87.2039,70.0,92,81,1.59,broken clouds
187,Katrineholm,SE,2021-09-24 20:06:41,58.9959,16.2072,60.73,89,100,10.27,overcast clouds
188,Lasa,IT,2021-09-24 20:06:41,46.6166,10.7002,56.62,67,0,1.45,clear sky
189,Xingtai,CN,2021-09-24 20:06:42,37.0631,114.4942,63.79,98,100,12.82,light rain
190,Boat Of Garten,GB,2021-09-24 20:06:42,57.2491,-3.759,54.68,90,100,4.99,overcast clouds
191,Saldanha,ZA,2021-09-24 20:06:43,-33.0117,17.9442,57.27,87,83,5.37,broken clouds
192,Karratha,AU,2021-09-24 20:06:43,-20.7377,116.8463,70.88,43,7,10.18,light rain
193,Coquimbo,CL,2021-09-24 20:01:47,-29.9533,-71.3436,58.66,78,86,6.22,overcast clouds
194,Wellington,NZ,2021-09-24 20:02:43,-41.2866,174.7756,57.06,83,75,3.0,broken clouds
195,Kuching,MY,2021-09-24 20:06:44,1.55,110.3333,79.02,89,20,0.0,few clouds
196,Darovskoy,RU,2021-09-24 20:06:45,58.77,47.9564,45.75,98,100,8.23,moderate rain
197,Kebumen,ID,2021-09-24 20:06:45,-7.6687,109.6519,74.8,91,93,3.56,overcast clouds
198,Baihar,IN,2021-09-24 20:06:46,22.1,80.55,71.62,97,24,2.15,few clouds
199,Carutapera,BR,2021-09-24 20:06:46,-1.195,-46.02,83.61,67,91,9.42,overcast clouds
200,Vao,NC,2021-09-24 20:06:47,-22.6667,167.4833,68.32,65,100,12.1,overcast clouds
201,Kruisfontein,ZA,2021-09-24 20:06:47,-34.0033,24.7314,51.89,91,48,2.59,scattered clouds
202,Araouane,ML,2021-09-24 20:06:48,18.9048,-3.5265,98.35,21,7,4.16,clear sky
203,Udachnyy,RU,2021-09-24 20:06:48,66.4167,112.4,36.88,85,100,0.29,overcast clouds
204,Lentekhi,GE,2021-09-24 20:06:49,42.7856,42.7261,48.02,95,89,1.28,overcast clouds
205,Shimanovsk,RU,2021-09-24 20:06:49,52.0,127.7,49.17,90,100,5.55,overcast clouds
206,Port Hedland,AU,2021-09-24 20:06:50,-20.3167,118.5667,60.85,100,75,3.44,broken clouds
207,Tomatlan,MX,2021-09-24 20:06:51,19.9333,-105.25,88.32,69,100,7.67,overcast clouds
208,La Ronge,CA,2021-09-24 20:06:51,55.1001,-105.2842,55.35,51,43,9.17,scattered clouds
209,Boguchany,RU,2021-09-24 20:06:52,58.3814,97.4531,32.05,95,76,3.0,broken clouds
210,Surt,LY,2021-09-24 20:06:52,31.2089,16.5887,76.87,66,0,11.63,clear sky
211,Pemangkat,ID,2021-09-24 20:06:53,1.1667,108.9667,77.04,89,23,5.14,few clouds
212,Yaypan,UZ,2021-09-24 20:06:53,40.3758,70.8156,69.37,19,0,2.68,clear sky
213,Xining,CN,2021-09-24 20:06:53,36.6167,101.7667,55.09,83,100,1.21,overcast clouds
214,Galveston,US,2021-09-24 20:06:54,29.3669,-94.9669,86.13,48,1,1.01,clear sky
215,Starotimoshkino,RU,2021-09-24 20:06:55,53.7191,47.5312,46.24,91,100,8.1,light rain
216,Bakonyszentlaszlo,HU,2021-09-24 20:06:55,47.389,17.8032,63.21,75,12,8.14,few clouds
217,Atchison,US,2021-09-24 20:06:56,39.563,-95.1216,78.87,53,100,16.26,overcast clouds
218,Odesskoye,RU,2021-09-24 20:06:56,54.2111,72.9651,40.21,71,17,8.72,few clouds
219,Natal,BR,2021-09-24 20:04:17,-5.795,-35.2094,81.25,74,40,12.66,scattered clouds
220,Junction City,US,2021-09-24 20:06:57,39.0286,-96.8314,78.71,43,1,10.36,clear sky
221,Airai,TL,2021-09-24 20:06:58,-8.9266,125.4092,56.84,83,34,1.77,scattered clouds
222,Gamba,GA,2021-09-24 20:06:58,-2.65,10.0,75.96,86,89,6.98,overcast clouds
223,Kalakamati,BW,2021-09-24 20:06:59,-20.5929,27.3121,67.03,17,0,11.63,clear sky
224,Nanma,CN,2021-09-24 20:06:59,36.1817,118.1583,65.48,92,100,13.44,moderate rain
225,Vermilion,US,2021-09-24 20:07:00,40.1667,-87.7506,81.19,36,1,5.99,clear sky
226,Luganville,VU,2021-09-24 20:07:00,-15.5333,167.1667,77.29,85,92,9.33,overcast clouds
227,Grand Gaube,MU,2021-09-24 20:07:01,-20.0064,57.6608,71.38,75,0,5.01,clear sky
228,Saint-Philippe,RE,2021-09-24 20:07:01,-21.3585,55.7679,71.19,82,45,12.55,scattered clouds
229,Shahdadkot,PK,2021-09-24 20:07:02,27.8477,67.9055,88.03,47,2,4.38,clear sky
230,Kodiak,US,2021-09-24 20:07:02,57.79,-152.4072,49.51,29,1,6.91,volcanic ash
231,Santa Cruz,BO,2021-09-24 20:07:03,-17.8,-63.1667,95.79,19,0,4.63,clear sky
232,Shenjiamen,CN,2021-09-24 20:07:03,29.9576,122.298,74.28,67,1,8.48,clear sky
233,Yining,CN,2021-09-24 20:07:04,29.0361,114.5636,75.61,87,4,1.12,clear sky
234,General Roca,AR,2021-09-24 20:07:05,-39.0333,-67.5833,88.2,14,0,26.98,clear sky
235,La Paz,BO,2021-09-24 20:03:19,-16.5,-68.15,51.4,65,93,13.62,overcast clouds
236,Juan Lacaze,UY,2021-09-24 20:07:05,-34.4342,-57.4381,63.12,77,15,14.54,few clouds
237,Faya,SA,2021-09-24 20:07:06,18.3851,42.4509,69.62,54,67,2.89,broken clouds
238,Doha,QA,2021-09-24 20:07:06,25.2867,51.5333,87.78,51,0,3.44,clear sky
239,Lidzbark Warminski,PL,2021-09-24 20:07:07,54.1259,20.5795,52.74,80,99,12.53,overcast clouds
240,Meulaboh,ID,2021-09-24 20:07:07,4.1363,96.1285,76.48,91,97,4.99,heavy intensity rain
241,Krasnoarmeysk,RU,2021-09-24 20:07:08,51.0239,45.6969,48.07,89,51,5.28,broken clouds
242,Vestmannaeyjar,IS,2021-09-24 20:07:08,63.4427,-20.2734,42.94,85,100,20.98,overcast clouds
243,Lake City,US,2021-09-24 20:07:09,30.1897,-82.6393,85.93,37,0,3.11,clear sky
244,Lakes Entrance,AU,2021-09-24 20:07:09,-37.8811,147.981,46.17,82,51,15.48,broken clouds
245,Jining,CN,2021-09-24 20:06:33,35.405,116.5814,69.01,1,100,21.25,light rain
246,Apt,FR,2021-09-24 20:07:10,43.8833,5.4,65.84,60,86,1.48,overcast clouds
247,Khanu Woralaksaburi,TH,2021-09-24 20:07:10,16.0617,99.8606,75.58,95,100,1.59,light rain
248,Jalu,LY,2021-09-24 20:07:11,29.0331,21.5482,75.27,50,0,15.28,clear sky
249,Kalmunai,LK,2021-09-24 20:07:12,7.4167,81.8167,78.8,86,82,6.69,broken clouds
250,Sao Joao Da Barra,BR,2021-09-24 20:07:12,-21.6403,-41.0511,73.49,65,100,17.96,overcast clouds
251,Coswig,DE,2021-09-24 20:07:13,51.1333,13.5833,63.32,82,90,5.75,overcast clouds
252,East London,ZA,2021-09-24 20:07:13,-33.0153,27.9116,62.85,73,14,4.68,few clouds
253,Tura,IN,2021-09-24 20:07:14,25.5198,90.2201,74.97,91,9,3.31,clear sky
254,Dalbandin,PK,2021-09-24 20:07:14,28.8947,64.4101,80.71,9,3,1.9,clear sky
255,San Diego De Los Banos,CU,2021-09-24 20:07:15,22.6467,-83.3697,85.78,67,47,3.18,light rain
256,Kavieng,PG,2021-09-24 20:07:15,-2.5744,150.7967,82.13,75,22,13.98,few clouds
257,Guarapari,BR,2021-09-24 20:07:16,-20.6667,-40.4975,75.9,66,72,13.44,broken clouds
258,Belyy Yar,RU,2021-09-24 20:07:16,53.6039,91.3903,33.69,86,0,2.24,clear sky
259,Husavik,IS,2021-09-24 20:07:17,66.0449,-17.3389,36.9,74,96,6.71,overcast clouds
260,Kaura Namoda,NG,2021-09-24 20:07:18,12.5898,6.5779,83.1,49,53,4.79,broken clouds
261,Badarwas,IN,2021-09-24 20:07:18,24.9667,77.5667,75.6,90,86,4.09,overcast clouds
262,Rocha,UY,2021-09-24 20:07:19,-34.4833,-54.3333,58.46,85,60,11.32,broken clouds
263,San Patricio,US,2021-09-24 20:07:20,28.017,-97.5169,88.52,39,4,12.97,clear sky
264,Kimbe,PG,2021-09-24 20:07:20,-5.5502,150.1429,73.85,93,57,4.32,broken clouds
265,Masuda,JP,2021-09-24 20:04:07,34.6667,131.85,71.33,83,3,5.64,clear sky
266,Byron Bay,AU,2021-09-24 20:07:21,-28.65,153.6167,60.75,76,0,4.94,clear sky
267,Christchurch,NZ,2021-09-24 20:06:23,-43.5333,172.6333,61.32,48,0,11.5,clear sky
268,Kavaratti,IN,2021-09-24 20:07:21,10.5669,72.642,81.81,78,92,13.58,overcast clouds
269,Mangrol,IN,2021-09-24 20:07:22,21.1167,70.1167,79.65,85,30,7.29,scattered clouds
270,Mweka,CD,2021-09-24 20:07:22,-4.85,21.5667,71.29,80,99,1.86,overcast clouds
271,Alugan,PH,2021-09-24 20:07:23,12.2188,125.4808,81.54,83,34,9.08,scattered clouds
272,Faanui,PF,2021-09-24 20:07:23,-16.4833,-151.75,76.32,62,0,1.77,clear sky
273,Svetlogorsk,BY,2021-09-24 20:07:24,52.6333,29.7333,47.77,92,100,12.33,overcast clouds
274,Clonakilty,IE,2021-09-24 20:07:25,51.6231,-8.8706,63.61,91,100,5.21,overcast clouds
275,Imeni Poliny Osipenko,RU,2021-09-24 20:07:26,52.4201,136.4853,40.77,86,6,3.89,clear sky
276,Goderich,CA,2021-09-24 20:07:26,43.7501,-81.7165,66.9,64,99,12.26,overcast clouds
277,Flinders,AU,2021-09-24 20:07:27,-34.5833,150.8552,59.81,76,0,4.0,clear sky
278,Alofi,NU,2021-09-24 20:07:27,-19.0595,-169.9187,78.69,73,75,10.36,broken clouds
279,Hambantota,LK,2021-09-24 20:07:28,6.1241,81.1185,79.68,82,74,17.54,broken clouds
280,Sitka,US,2021-09-24 20:03:23,57.0531,-135.33,55.29,67,75,10.36,light rain
281,Esperance,AU,2021-09-24 20:07:28,-33.8667,121.9,46.74,85,59,10.71,broken clouds
282,Sapa,PH,2021-09-24 20:07:29,5.1544,120.3241,79.84,83,99,5.39,overcast clouds
283,Ukiah,US,2021-09-24 20:07:29,39.1502,-123.2078,100.13,17,1,0.0,clear sky
284,Krasnovishersk,RU,2021-09-24 20:07:30,60.4078,57.082,43.38,90,94,3.94,overcast clouds
285,Ta Khmau,KH,2021-09-24 20:07:30,11.4833,104.95,78.85,94,75,2.3,broken clouds
286,Cristesti,RO,2021-09-24 20:07:31,46.5,24.4833,49.89,97,75,1.14,mist
287,Payo,ID,2021-09-24 20:07:31,-3.7508,103.6372,73.24,92,42,1.61,scattered clouds
288,Samarai,PG,2021-09-24 20:07:33,-10.6167,150.6667,78.12,86,61,7.99,broken clouds
289,Ambositra,MG,2021-09-24 20:07:33,-20.5167,47.25,58.3,78,100,5.39,overcast clouds
290,Leningradskiy,RU,2021-09-24 20:07:34,69.3833,178.4167,24.01,87,100,10.25,overcast clouds
291,Caravelas,BR,2021-09-24 20:07:35,-17.7125,-39.2481,72.77,67,75,8.05,broken clouds
292,Kutum,SD,2021-09-24 20:07:36,14.2,24.6667,81.34,22,100,11.5,overcast clouds
293,Paamiut,GL,2021-09-24 20:07:36,61.994,-49.6678,33.44,52,0,33.58,clear sky
294,Hobyo,SO,2021-09-24 20:06:15,5.3505,48.5268,78.04,85,100,21.16,overcast clouds
295,Tangwani,PK,2021-09-24 20:07:37,28.2787,68.9972,84.13,46,0,6.98,clear sky
296,Pierre,US,2021-09-24 20:07:37,44.3683,-100.351,72.99,27,1,1.01,clear sky
297,Pacific Grove,US,2021-09-24 20:07:38,36.6177,-121.9166,90.61,84,1,3.0,clear sky
298,Birjand,IR,2021-09-24 20:07:39,32.8663,59.2211,66.92,9,0,6.24,clear sky
299,Yei,SS,2021-09-24 20:07:39,4.095,30.6779,65.71,97,99,3.38,overcast clouds
300,East Foothills,US,2021-09-24 20:07:40,37.3811,-121.8175,93.81,36,1,3.44,smoke
301,Tocopilla,CL,2021-09-24 20:07:40,-22.092,-70.1979,64.49,62,21,3.31,few clouds
302,Sembe,CG,2021-09-24 20:07:41,1.6481,14.5806,68.29,98,100,2.24,light rain
303,Beringovskiy,RU,2021-09-24 20:07:41,63.05,179.3167,31.93,94,100,26.13,snow
304,Boz,FR,2021-09-24 20:07:42,46.4071,4.9109,66.15,88,5,0.31,clear sky
305,Muros,ES,2021-09-24 20:07:42,42.7762,-9.0603,66.24,86,66,5.39,broken clouds
306,Fort Erie,CA,2021-09-24 20:07:43,42.9001,-78.9329,68.38,62,75,7.0,broken clouds
307,Tezu,IN,2021-09-24 20:07:43,27.9167,96.1667,75.49,81,39,3.62,scattered clouds
308,Pisco,PE,2021-09-24 20:07:44,-13.7,-76.2167,66.02,80,96,5.97,overcast clouds
309,Ballina,AU,2021-09-24 20:07:44,-28.8667,153.5667,51.98,75,0,5.55,clear sky
310,Los Llanos De Aridane,ES,2021-09-24 20:07:45,28.6585,-17.9182,71.35,89,75,3.44,volcanic ash
311,Hengshui,CN,2021-09-24 20:07:45,37.7322,115.7011,64.85,88,100,10.89,light rain
312,Daugavpils,LV,2021-09-24 20:07:46,55.8833,26.5333,47.82,92,97,5.99,overcast clouds
313,Aksarka,RU,2021-09-24 20:07:46,66.5606,67.7975,34.61,82,19,2.8,few clouds
314,Mayo,US,2021-09-24 20:07:47,38.8876,-76.5119,76.77,44,1,1.99,clear sky
315,Fortuna,US,2021-09-24 20:07:47,40.5982,-124.1573,90.43,54,23,1.99,few clouds
316,Namibe,AO,2021-09-24 20:07:48,-15.1961,12.1522,67.14,88,96,6.53,overcast clouds
317,Berlevag,NO,2021-09-24 20:07:48,70.8578,29.0864,48.2,71,40,2.3,scattered clouds
318,Bardiyah,LY,2021-09-24 20:07:49,31.7561,25.0865,71.35,57,0,2.57,clear sky
319,Bull Savanna,JM,2021-09-24 20:07:49,17.8868,-77.5902,83.64,65,89,10.27,overcast clouds
320,Cherskiy,RU,2021-09-24 20:07:50,68.75,161.3,27.97,97,99,9.33,light snow
321,Codrington,AU,2021-09-24 20:07:50,-38.2667,141.9667,46.58,69,99,14.5,overcast clouds
322,Mackenzie,CA,2021-09-24 20:07:51,55.2999,-123.1698,58.01,65,100,9.06,overcast clouds
323,Benjamin Constant,BR,2021-09-24 20:07:51,-4.3831,-70.0311,89.73,66,40,5.75,scattered clouds
324,Avera,US,2021-09-24 20:07:52,33.194,-82.5271,78.75,35,0,3.89,clear sky
325,Goba,ET,2021-09-24 20:07:52,7.0167,39.9833,50.22,93,69,4.34,broken clouds
326,Penzance,GB,2021-09-24 20:07:53,50.1186,-5.5371,61.81,91,77,5.5,broken clouds
327,Margate,GB,2021-09-24 20:07:53,51.3813,1.3862,66.69,83,4,12.95,clear sky
328,Semirara,PH,2021-09-24 20:07:54,12.0697,121.3986,83.12,74,14,17.58,few clouds
329,Wuwei,CN,2021-09-24 20:07:54,37.9281,102.6414,65.07,60,100,0.07,overcast clouds
330,Ulkan,RU,2021-09-24 20:07:55,57.243,107.3223,39.47,96,87,2.95,overcast clouds
331,Lisburn,GB,2021-09-24 20:07:55,54.5234,-6.0353,64.58,82,40,8.05,scattered clouds
332,Ola,RU,2021-09-24 20:07:56,59.5833,151.2833,43.07,71,13,3.33,few clouds
333,Northam,GB,2021-09-24 20:07:56,51.0333,-4.2167,65.34,97,100,5.28,overcast clouds
334,Praia Da Vitoria,PT,2021-09-24 20:07:57,38.7333,-27.0667,71.76,78,93,11.86,overcast clouds
335,Adjumani,UG,2021-09-24 20:07:57,3.3779,31.7909,67.05,94,100,0.67,light rain
336,Pontal Do Parana,BR,2021-09-24 20:07:58,-25.6533,-48.5128,77.72,80,78,5.82,broken clouds
337,Zhigansk,RU,2021-09-24 20:07:58,66.7697,123.3711,34.86,80,100,15.48,overcast clouds
338,Lompoc,US,2021-09-24 20:07:59,34.6391,-120.4579,82.22,81,1,8.05,mist
339,Rheden,NL,2021-09-24 20:07:59,52.0167,6.05,63.01,86,90,3.44,overcast clouds
340,Buta,CD,2021-09-24 20:08:00,2.7858,24.73,66.74,98,71,2.15,broken clouds
341,Daru,PG,2021-09-24 20:08:01,-9.0763,143.2092,75.79,93,69,10.04,broken clouds
342,Sao Jose Da Coroa Grande,BR,2021-09-24 20:08:01,-8.8978,-35.1478,77.58,81,11,13.24,few clouds
343,Tevaitoa,PF,2021-09-24 20:08:01,-16.7833,-151.5,75.97,62,0,1.99,clear sky
344,Novikovo,RU,2021-09-24 20:08:02,51.1537,37.8879,47.35,88,100,13.49,overcast clouds
345,Sao Miguel Do Araguaia,BR,2021-09-24 20:08:02,-13.275,-50.1628,101.39,16,76,5.75,broken clouds
346,Dubna,RU,2021-09-24 20:08:03,56.7333,37.1667,42.17,96,51,6.58,broken clouds
347,Besikduzu,TR,2021-09-24 20:08:03,41.052,39.2284,62.49,76,6,5.91,clear sky
348,Kharp,RU,2021-09-24 20:08:04,66.8014,65.8081,34.38,80,37,2.46,scattered clouds
349,Utica,US,2021-09-24 20:05:38,43.1009,-75.2327,67.39,66,94,1.01,overcast clouds
350,Lincoln,US,2021-09-24 20:07:38,40.8,-96.667,70.02,61,90,1.99,overcast clouds
351,Ocampo,MX,2021-09-24 20:08:05,21.65,-101.5,76.28,41,93,9.4,overcast clouds
352,Requena,ES,2021-09-24 20:08:05,39.4883,-1.1004,66.13,91,100,2.68,overcast clouds
353,Russell,US,2021-09-24 20:08:06,32.3502,-85.1999,79.88,40,1,4.61,clear sky
354,Belle Fourche,US,2021-09-24 20:08:06,44.6714,-103.8522,70.11,29,35,13.89,scattered clouds
355,Pangnirtung,CA,2021-09-24 20:08:07,66.1451,-65.7125,35.74,47,3,3.4,clear sky
356,Port Jervis,US,2021-09-24 20:07:25,41.3751,-74.6927,74.21,62,0,7.54,clear sky
357,Chapais,CA,2021-09-24 20:08:08,49.7834,-74.8492,62.38,68,25,13.62,scattered clouds
358,Stokmarknes,NO,2021-09-24 20:08:08,68.5646,14.9108,49.5,80,100,4.54,overcast clouds
359,Ituiutaba,BR,2021-09-24 20:08:09,-18.9689,-49.465,99.23,14,62,8.72,broken clouds
360,Waipawa,NZ,2021-09-24 20:08:09,-41.4122,175.5153,54.45,68,0,14.83,clear sky
361,Sobolevo,RU,2021-09-24 20:08:10,54.4299,31.8996,42.94,97,50,4.14,scattered clouds
362,Mogocha,RU,2021-09-24 20:08:10,53.7333,119.7667,38.41,95,43,2.51,scattered clouds
363,Broken Hill,AU,2021-09-24 20:08:11,-31.95,141.4333,45.09,76,0,9.73,clear sky
364,Vuktyl,RU,2021-09-24 20:08:11,63.8567,57.3094,39.49,86,19,5.48,few clouds
365,San Joaquin,US,2021-09-24 20:05:15,37.9333,-121.3011,95.88,28,1,6.91,clear sky
366,Halifax,CA,2021-09-24 20:08:00,44.6453,-63.5724,73.35,82,40,5.01,fog
367,Maymyo,MM,2021-09-24 20:08:12,22.0333,96.4667,66.02,95,26,1.88,scattered clouds
368,Tautira,PF,2021-09-24 20:08:13,-17.7333,-149.15,82.42,60,1,3.67,clear sky
369,Polyarnyye Zori,RU,2021-09-24 20:08:14,67.3661,32.4981,43.99,98,100,7.0,overcast clouds
370,Tokmak,UA,2021-09-24 20:08:14,47.2514,35.7058,50.68,92,62,9.69,broken clouds
371,Saint-Augustin,CA,2021-09-24 20:08:15,51.226,-58.6502,52.16,58,92,5.95,overcast clouds
372,Sechura,PE,2021-09-24 20:08:15,-5.5569,-80.8222,74.03,62,27,14.34,scattered clouds
373,Quimper,FR,2021-09-24 20:08:16,48.0,-4.1,57.78,100,0,3.44,clear sky
374,Mehamn,NO,2021-09-24 20:08:16,71.0357,27.8492,48.38,76,40,13.8,scattered clouds
375,Kamenka,RU,2021-09-24 20:08:17,51.3223,42.7678,51.26,69,100,6.2,overcast clouds
376,Bouca,CF,2021-09-24 20:08:17,6.5105,18.2733,70.66,96,95,1.34,overcast clouds
377,Bontang,ID,2021-09-24 20:08:07,0.1333,117.5,74.98,90,100,4.85,overcast clouds
378,Port-Gentil,GA,2021-09-24 20:08:18,-0.7193,8.7815,77.61,86,70,8.46,broken clouds
379,Baijiantan,CN,2021-09-24 20:07:10,45.6333,85.1833,52.5,26,6,13.06,clear sky
380,Sena Madureira,BR,2021-09-24 20:08:19,-9.0656,-68.6569,91.38,40,92,1.3,overcast clouds
381,Yulara,AU,2021-09-24 20:08:19,-25.2406,130.9889,60.64,20,100,6.91,overcast clouds
382,Comodoro Rivadavia,AR,2021-09-24 20:08:20,-45.8667,-67.5,80.46,24,0,14.97,clear sky
383,Markova,UA,2021-09-24 20:08:20,48.6758,24.4138,47.59,77,100,9.4,overcast clouds
384,Mariinsk,RU,2021-09-24 20:08:20,56.2139,87.7472,35.01,97,100,11.1,light rain
385,Wonthaggi,AU,2021-09-24 20:08:21,-38.6044,145.5913,44.2,64,100,15.59,overcast clouds
386,Carnot,CF,2021-09-24 20:08:22,4.9409,15.8665,70.79,94,100,1.66,overcast clouds
387,Shimoda,JP,2021-09-24 20:08:22,34.6667,138.95,70.11,81,100,14.03,overcast clouds
388,Olafsvik,IS,2021-09-24 20:08:23,64.8945,-23.7142,43.39,67,96,19.37,overcast clouds
389,Auki,SB,2021-09-24 20:08:23,-8.7676,160.7034,78.04,85,47,4.36,scattered clouds
390,Kahului,US,2021-09-24 20:08:24,20.8947,-156.47,86.02,63,20,20.71,few clouds
391,Bengkulu,ID,2021-09-24 20:08:24,-3.8004,102.2655,75.27,92,100,6.67,overcast clouds
392,Mahibadhoo,MV,2021-09-24 20:08:25,3.7833,72.9667,79.32,74,100,9.08,overcast clouds
393,Marzuq,YE,2021-09-24 20:08:25,14.4,46.4667,77.02,53,98,3.83,overcast clouds
394,Port Hardy,CA,2021-09-24 20:08:26,50.6996,-127.4199,57.92,66,100,3.15,overcast clouds
395,Yako,BF,2021-09-24 20:08:26,12.9667,-2.2667,87.57,42,99,11.18,overcast clouds
396,Chipinge,ZW,2021-09-24 20:08:27,-20.1883,32.6236,59.18,53,0,6.06,clear sky
397,Moses Lake,US,2021-09-24 20:08:27,47.1301,-119.2781,77.36,23,1,0.0,clear sky
398,Kaputa,ZM,2021-09-24 20:08:28,-8.4689,29.6619,79.68,40,88,4.27,overcast clouds
399,Saint-Joseph,RE,2021-09-24 20:08:28,-21.3667,55.6167,70.18,79,22,13.42,few clouds
400,Mirador,BR,2021-09-24 20:08:29,-6.3708,-44.3631,96.75,24,84,6.71,broken clouds
401,Mazamari,PE,2021-09-24 20:08:29,-11.3258,-74.5308,85.95,43,95,2.35,overcast clouds
402,Te Anau,NZ,2021-09-24 20:08:30,-45.4167,167.7167,48.24,91,98,10.98,light rain
403,Mazagao,BR,2021-09-24 20:08:31,-0.115,-51.2894,93.25,52,100,7.02,overcast clouds
404,Hualmay,PE,2021-09-24 20:08:31,-11.0964,-77.6139,66.85,73,17,8.43,few clouds
405,Vagur,FO,2021-09-24 20:06:12,61.4732,-6.8119,48.02,73,100,5.79,overcast clouds
406,Pangai,TO,2021-09-24 20:08:32,-19.8,-174.35,72.59,73,80,17.43,broken clouds
407,Cayenne,GF,2021-09-24 20:08:33,4.9333,-52.3333,86.04,83,72,3.0,broken clouds
408,Fukue,JP,2021-09-24 20:08:33,32.6881,128.8419,73.8,75,54,8.63,broken clouds
409,Wembley,AU,2021-09-24 20:04:44,-31.9333,115.8,54.09,67,0,19.57,clear sky
410,Snezhnogorsk,RU,2021-09-24 20:08:34,69.1933,33.2531,44.38,94,100,12.35,overcast clouds
411,Jiuquan,CN,2021-09-24 20:08:34,39.7432,98.5174,67.86,24,0,9.75,clear sky
412,Zyryanka,RU,2021-09-24 20:08:35,65.75,150.85,32.07,90,100,2.15,overcast clouds
413,Moyobamba,PE,2021-09-24 20:08:35,-6.05,-76.9667,81.88,54,94,6.11,overcast clouds
414,North Bend,US,2021-09-24 20:05:10,43.4065,-124.2243,90.25,65,1,9.22,clear sky
415,Hofn,IS,2021-09-24 20:08:36,64.2539,-15.2082,41.16,70,100,6.93,overcast clouds
416,Amarante Do Maranhao,BR,2021-09-24 20:08:36,-5.5667,-46.7422,94.96,29,73,6.64,broken clouds
417,Portland,US,2021-09-24 20:05:07,45.5234,-122.6762,88.5,37,1,1.99,clear sky
418,Mount Pleasant,US,2021-09-24 20:07:23,32.7941,-79.8626,80.01,46,1,3.0,clear sky
419,Sungaipenuh,ID,2021-09-24 20:08:38,-2.0833,101.3833,64.45,96,74,2.3,moderate rain
420,Shaowu,CN,2021-09-24 20:08:38,27.3409,117.4831,72.14,97,1,3.0,clear sky
421,Paramonga,PE,2021-09-24 20:08:39,-10.6667,-77.8333,67.12,74,19,9.44,few clouds
422,Saurimo,AO,2021-09-24 20:08:39,-9.6608,20.3916,75.24,35,78,2.98,broken clouds
423,Tiznit,MA,2021-09-24 20:08:40,29.5833,-9.5,65.26,68,0,4.18,clear sky
424,Bara,NG,2021-09-24 20:08:40,10.3744,10.7288,76.37,77,39,5.21,scattered clouds
425,Marsh Harbour,BS,2021-09-24 20:05:31,26.5412,-77.0636,83.8,68,37,3.94,scattered clouds
426,Sisimiut,GL,2021-09-24 20:08:41,66.9395,-53.6735,33.84,67,10,8.5,clear sky
427,Mayumba,GA,2021-09-24 20:08:41,-3.432,10.6554,75.36,89,89,5.39,overcast clouds
428,Bjorkelangen,NO,2021-09-24 20:08:42,59.8848,11.5694,56.44,93,26,8.57,scattered clouds
429,Sorland,NO,2021-09-24 20:08:42,67.667,12.6934,41.07,77,100,19.46,overcast clouds
430,Hit,IQ,2021-09-24 20:08:43,33.6416,42.8251,81.9,33,0,4.0,clear sky
431,Lykhivka,UA,2021-09-24 20:08:43,48.6874,33.9228,48.0,94,87,10.38,overcast clouds
432,Kalispell,US,2021-09-24 20:05:14,48.1958,-114.3129,68.68,47,1,1.99,clear sky
433,Merrill,US,2021-09-24 20:08:44,45.1805,-89.6835,74.35,53,90,11.5,overcast clouds
434,Nouadhibou,MR,2021-09-24 20:08:44,20.931,-17.0347,71.35,84,1,19.75,clear sky
435,Ketchikan,US,2021-09-24 20:08:45,55.3422,-131.6461,57.18,94,75,13.8,light rain
436,Bone,DE,2021-09-24 20:08:46,51.9669,12.1396,64.38,83,98,7.94,overcast clouds
437,Popondetta,PG,2021-09-24 20:08:46,-8.7537,148.2534,70.83,92,76,3.09,broken clouds
438,Lazaro Cardenas,MX,2021-09-24 20:08:47,17.9583,-102.2,84.87,75,80,7.76,broken clouds
439,Itoman,JP,2021-09-24 20:08:47,26.1247,127.6694,78.82,81,20,11.5,few clouds
440,Khromtau,KZ,2021-09-24 20:08:48,50.2503,58.4347,49.51,33,48,16.2,scattered clouds
441,Bella Union,UY,2021-09-24 20:08:48,-30.2752,-57.6007,71.51,52,2,8.55,clear sky
442,Listvyanskiy,RU,2021-09-24 20:08:49,54.4399,83.4984,39.18,85,100,14.92,overcast clouds
443,Puerto Carreno,CO,2021-09-24 20:08:49,6.189,-67.4859,76.87,88,100,3.36,light rain
444,Hervey Bay,AU,2021-09-24 20:08:50,-25.2986,152.8535,62.04,81,2,10.96,clear sky
445,Fort Abbas,PK,2021-09-24 20:08:50,29.1925,72.8536,88.23,54,5,4.47,clear sky
446,Kiunga,PG,2021-09-24 20:08:51,-6.1219,141.2906,72.95,100,100,1.34,overcast clouds
447,Progreso,MX,2021-09-24 20:08:52,21.2833,-89.6667,93.31,67,59,10.87,broken clouds
448,Rafaela,AR,2021-09-24 20:08:52,-31.2503,-61.4867,75.97,26,0,5.99,clear sky
449,Cabedelo,BR,2021-09-24 20:08:53,-6.9811,-34.8339,79.23,76,20,15.5,few clouds
450,Telenesti,MD,2021-09-24 20:08:53,47.4997,28.3656,56.08,62,58,13.87,broken clouds
451,Porto Novo,BJ,2021-09-24 20:08:54,6.4965,2.6036,78.35,84,44,5.44,scattered clouds
452,Oshakati,NA,2021-09-24 20:08:54,-17.7833,15.6833,77.56,15,1,8.77,clear sky
453,Olenino,RU,2021-09-24 20:08:55,56.2092,33.4889,43.95,97,100,8.1,overcast clouds
454,Joshimath,IN,2021-09-24 20:08:55,30.5667,79.5667,66.83,86,87,1.19,overcast clouds
455,Theunissen,ZA,2021-09-24 20:08:56,-28.411,26.7011,67.8,28,100,6.78,overcast clouds
456,Isangel,VU,2021-09-24 20:08:56,-19.55,169.2667,71.71,72,98,9.31,overcast clouds
457,San Cristobal,VE,2021-09-24 20:05:55,7.7669,-72.225,87.98,47,54,7.14,broken clouds
458,Leibnitz,AT,2021-09-24 20:08:57,46.7816,15.5384,63.41,92,0,1.01,clear sky
459,Kjollefjord,NO,2021-09-24 20:08:58,70.9457,27.3465,48.25,76,40,13.8,scattered clouds
460,Moron,AR,2021-09-24 20:08:58,-34.6534,-58.6198,68.02,49,11,5.01,few clouds
461,Moustheni,GR,2021-09-24 20:08:59,40.8667,24.1167,64.53,49,7,1.81,clear sky
462,Flin Flon,CA,2021-09-24 20:08:59,54.7682,-101.865,49.17,70,100,13.31,overcast clouds
463,Arlit,NE,2021-09-24 20:09:00,18.7369,7.3853,94.51,8,6,13.42,clear sky
464,Cap Malheureux,MU,2021-09-24 20:09:01,-19.9842,57.6142,71.47,75,0,5.01,clear sky
465,Kiama,AU,2021-09-24 20:09:01,-34.6833,150.8667,60.01,80,0,1.99,clear sky
466,Gwadar,PK,2021-09-24 20:09:02,25.1216,62.3254,80.26,85,100,6.98,overcast clouds
467,San Antonio,US,2021-09-24 20:04:37,29.4241,-98.4936,90.61,30,1,8.05,clear sky
468,Kaeo,NZ,2021-09-24 20:09:03,-35.1,173.7833,55.33,95,14,3.87,few clouds
469,Bilma,NE,2021-09-24 20:09:03,18.6853,12.9164,89.22,11,4,6.62,clear sky
470,Egvekinot,RU,2021-09-24 20:09:04,66.3167,-179.1667,21.34,80,96,14.16,overcast clouds
471,Ngunguru,NZ,2021-09-24 20:09:04,-35.6167,174.5,55.17,84,14,7.11,few clouds
472,Shingu,JP,2021-09-24 20:09:05,33.7333,135.9833,69.91,87,38,5.01,scattered clouds
473,Kysyl-Syr,RU,2021-09-24 20:09:05,63.8986,122.7617,33.17,86,18,5.91,few clouds
474,Russellville,US,2021-09-24 20:07:43,35.2784,-93.1338,83.14,37,1,4.61,clear sky
475,Aksu,CN,2021-09-24 20:09:06,41.1231,80.2644,67.35,22,83,3.83,broken clouds
476,Qesarya,IL,2021-09-24 20:09:06,32.5189,34.9046,74.35,61,4,3.4,clear sky
477,Craig,US,2021-09-24 20:09:07,40.5153,-107.5464,74.16,18,1,3.44,clear sky
478,Dunedin,NZ,2021-09-24 20:09:07,-45.8742,170.5036,59.81,51,0,1.99,clear sky
479,Morgan City,US,2021-09-24 20:05:12,29.6994,-91.2068,81.03,44,1,8.05,clear sky
480,Qui Nhon,VN,2021-09-24 20:09:08,13.7667,109.2333,77.14,85,100,4.54,light rain
481,Kidal,ML,2021-09-24 20:09:09,18.4411,1.4078,97.05,15,77,7.45,broken clouds
482,Knysna,ZA,2021-09-24 20:09:09,-34.0363,23.0471,56.46,90,49,5.12,scattered clouds
483,Okhotsk,RU,2021-09-24 20:09:10,59.3833,143.3,46.06,72,0,3.22,clear sky
484,Seguin,US,2021-09-24 20:08:47,29.5688,-97.9647,90.61,32,1,3.0,clear sky
485,Santa Marta,CO,2021-09-24 20:08:06,11.2408,-74.199,83.32,75,95,3.42,overcast clouds
486,Mantua,IT,2021-09-24 20:09:11,45.1667,10.7833,69.28,77,0,5.01,clear sky
487,Lodja,CD,2021-09-24 20:09:11,-3.4833,23.4333,70.03,87,100,0.67,overcast clouds
488,Nagorsk,RU,2021-09-24 20:09:12,59.3172,50.8078,45.9,96,100,9.91,light rain
489,Mount Isa,AU,2021-09-24 20:09:12,-20.7333,139.5,65.97,15,3,6.91,clear sky
490,Kualakapuas,ID,2021-09-24 20:07:18,-3.0091,114.3876,75.36,95,99,1.63,overcast clouds
491,Weihai,CN,2021-09-24 20:09:13,37.5017,122.1136,68.36,80,100,2.01,moderate rain
492,Yakeshi,CN,2021-09-24 20:09:13,49.2833,120.7333,52.02,95,100,2.8,overcast clouds
493,Thompson,CA,2021-09-24 20:09:14,55.7435,-97.8558,40.55,91,100,12.01,overcast clouds
494,Hirara,JP,2021-09-24 20:09:14,24.8,125.2833,82.8,73,61,16.87,broken clouds
495,Sambava,MG,2021-09-24 20:09:15,-14.2667,50.1667,70.84,82,19,12.33,light rain
496,Bathsheba,BB,2021-09-24 20:09:15,13.2167,-59.5167,88.41,66,40,8.05,scattered clouds
497,Songjianghe,CN,2021-09-24 20:09:16,42.1859,127.479,51.49,90,100,4.5,overcast clouds
498,Sarakhs,IR,2021-09-24 20:09:16,36.5449,61.1577,76.66,16,0,6.58,clear sky
499,Semikarakorsk,RU,2021-09-24 20:09:17,47.5194,40.8112,52.61,66,100,9.86,overcast clouds
500,Ericeira,PT,2021-09-24 20:09:17,38.9627,-9.4156,68.34,89,9,10.22,clear sky
501,Fairbanks,US,2021-09-24 20:05:02,64.8378,-147.7164,35.1,88,90,4.61,light snow
502,Ostrovnoy,RU,2021-09-24 20:09:18,68.0531,39.5131,48.13,87,100,20.02,overcast clouds
503,Ouargaye,BF,2021-09-24 20:09:19,11.5033,0.0572,81.75,68,67,8.97,broken clouds
504,Teya,RU,2021-09-24 20:09:19,60.3778,92.6267,30.09,97,94,3.22,overcast clouds
505,Oriximina,BR,2021-09-24 20:09:20,-1.7656,-55.8661,93.79,39,100,4.52,overcast clouds
506,Socorro,US,2021-09-24 20:09:20,31.6546,-106.3033,84.06,41,75,4.61,broken clouds
507,Lufilufi,WS,2021-09-24 20:09:21,-13.8745,-171.5986,82.18,74,15,2.93,few clouds
508,Juneau,US,2021-09-24 20:09:21,58.3019,-134.4197,55.4,69,75,5.75,light rain
509,Los Algarrobos,PA,2021-09-24 20:09:22,8.5,-82.4333,84.45,74,73,8.72,broken clouds
510,Ucluelet,CA,2021-09-24 20:09:22,48.9329,-125.5528,72.09,80,100,5.39,overcast clouds
511,Christiana,ZA,2021-09-24 20:09:23,-27.914,25.1611,69.55,27,18,7.76,few clouds
512,Kieta,PG,2021-09-24 20:09:23,-6.2167,155.6333,78.21,81,63,3.04,broken clouds
513,Kapit,MY,2021-09-24 20:09:24,2.0167,112.9333,72.36,99,72,0.74,broken clouds
514,Port Blair,IN,2021-09-24 20:09:24,11.6667,92.75,80.64,84,98,13.49,overcast clouds
515,Taoudenni,ML,2021-09-24 20:09:25,22.6783,-3.9836,102.27,10,13,5.97,few clouds
516,Mishelevka,RU,2021-09-24 20:09:25,52.8575,103.1719,40.44,93,100,7.76,light rain
517,Sao Sebastiao,BR,2021-09-24 20:06:19,-23.76,-45.4097,70.68,68,100,2.68,overcast clouds
518,Conde,BR,2021-09-24 20:05:58,-7.2597,-34.9075,77.9,73,28,14.12,scattered clouds
519,Katobu,ID,2021-09-24 20:09:26,-4.9408,122.5276,73.63,82,90,3.62,overcast clouds
520,Knyaginino,RU,2021-09-24 20:09:27,55.8228,45.0349,46.81,94,100,4.25,overcast clouds
521,Yueyang,CN,2021-09-24 20:09:27,29.3333,113.0919,79.36,72,5,7.61,clear sky
522,Nizhnevartovsk,RU,2021-09-24 20:09:28,60.9344,76.5531,33.82,93,0,4.47,clear sky
523,Wagga Wagga,AU,2021-09-24 20:09:28,-35.1167,147.3667,37.81,100,1,4.61,clear sky
524,Gondanglegi,ID,2021-09-24 20:09:29,-7.7479,112.0132,74.28,90,24,7.31,few clouds
525,Charters Towers,AU,2021-09-24 20:09:30,-20.1,146.2667,58.95,94,7,6.06,clear sky
526,Seydi,TM,2021-09-24 20:09:30,39.4816,62.9137,73.33,17,0,8.99,clear sky
527,Campoverde,PE,2021-09-24 20:09:31,-8.4753,-74.8058,94.5,34,70,4.72,broken clouds
528,Ozimek,PL,2021-09-24 20:09:31,50.6794,18.2137,58.55,70,100,10.58,overcast clouds
529,Gorno-Altaysk,RU,2021-09-24 20:09:32,51.9561,85.955,32.31,93,100,4.52,overcast clouds
530,Shediac,CA,2021-09-24 20:09:32,46.2198,-64.5411,73.36,65,53,8.21,broken clouds
531,Arrecife,ES,2021-09-24 20:09:32,28.963,-13.5477,73.47,64,20,11.5,few clouds
532,Phan Thiet,VN,2021-09-24 20:09:33,10.9333,108.1,76.57,92,100,6.04,light rain
533,Ayorou,NE,2021-09-24 20:09:33,14.7308,0.9174,94.98,27,76,13.94,broken clouds
534,Jurm,AF,2021-09-24 20:09:34,36.8648,70.8342,59.63,18,0,3.22,clear sky
535,Wakkanai,JP,2021-09-24 20:09:35,45.4094,141.6739,58.01,67,1,13.06,clear sky
536,Alcala De Henares,ES,2021-09-24 20:09:35,40.4821,-3.36,67.3,81,40,8.99,light rain
537,Nushki,PK,2021-09-24 20:09:35,29.5542,66.0215,76.08,10,1,5.19,clear sky
538,Recas,RO,2021-09-24 20:09:36,45.7989,21.5008,62.82,77,0,6.91,clear sky
539,Magway,MM,2021-09-24 20:09:36,20.15,94.9167,77.14,92,100,3.78,moderate rain
540,Shenxian,CN,2021-09-24 20:09:37,36.2411,115.6672,64.81,93,100,21.85,light rain
541,Dicabisagan,PH,2021-09-24 20:09:37,17.0818,122.4157,78.19,87,92,5.91,overcast clouds
542,Mount Gambier,AU,2021-09-24 20:09:38,-37.8333,140.7667,46.08,65,100,7.61,overcast clouds
543,Uporovo,RU,2021-09-24 20:09:38,56.3109,66.2693,42.91,66,100,6.33,overcast clouds
544,Sakaiminato,JP,2021-09-24 20:09:39,35.55,133.2333,70.27,79,97,17.9,overcast clouds
545,Bambanglipuro,ID,2021-09-24 20:09:39,-7.95,110.2833,75.31,90,75,5.01,broken clouds
546,Maltahohe,NA,2021-09-24 20:09:40,-24.8333,16.9833,71.47,10,12,9.53,few clouds
547,Champerico,GT,2021-09-24 20:09:40,14.3,-91.9167,85.35,72,100,6.91,overcast clouds
548,Ingham,US,2021-09-24 20:09:42,42.6,-84.3833,73.18,55,1,6.91,clear sky
549,Mersing,MY,2021-09-24 20:09:42,2.4312,103.8405,77.52,89,92,2.19,overcast clouds
550,Emba,KZ,2021-09-24 20:09:43,48.8264,58.1442,56.37,28,9,19.08,clear sky
551,Henties Bay,NA,2021-09-24 20:09:43,-22.116,14.2845,55.85,86,0,4.5,clear sky
552,Naze,JP,2021-09-24 20:09:44,28.3667,129.4833,77.85,69,0,14.38,clear sky
553,Pringsewu,ID,2021-09-24 20:09:44,-5.3582,104.9744,73.36,96,61,0.49,broken clouds
554,Iberia,US,2021-09-24 20:09:45,29.9502,-91.7507,80.67,41,1,6.55,clear sky
555,Nyurba,RU,2021-09-24 20:09:45,63.2842,118.3319,32.59,87,17,1.36,few clouds
556,Yamethin,MM,2021-09-24 20:09:46,20.4333,96.15,74.52,95,100,3.22,moderate rain
557,Constitucion,CL,2021-09-24 20:09:46,-35.3333,-72.4167,63.23,64,3,8.05,clear sky
558,Yar-Sale,RU,2021-09-24 20:09:47,66.8333,70.8333,36.54,80,99,5.03,overcast clouds
559,Pendra,IN,2021-09-24 20:09:47,22.7667,81.95,71.71,95,79,2.84,broken clouds
560,Zabol,AF,2021-09-24 20:09:48,32.25,67.25,66.51,16,0,5.57,clear sky
561,Yenagoa,NG,2021-09-24 20:09:49,4.9247,6.2642,75.61,92,100,2.82,overcast clouds
562,Kasongo-Lunda,CD,2021-09-24 20:09:50,-6.4667,16.8167,77.7,63,89,4.81,overcast clouds
563,Quang Ngai,VN,2021-09-24 20:06:56,15.1167,108.8,75.78,86,100,3.69,overcast clouds
564,Kampene,CD,2021-09-24 20:09:50,-3.6,26.6667,67.93,97,98,2.37,light rain
565,San Juan,AR,2021-09-24 20:07:41,-31.5375,-68.5364,84.72,12,0,8.61,clear sky
566,Jiangyou,CN,2021-09-24 20:09:52,31.7667,104.7167,72.86,93,100,2.95,overcast clouds
567,Watsa,CD,2021-09-24 20:09:53,3.0372,29.5355,63.54,99,100,3.09,overcast clouds
568,Santa Lucia,ES,2021-09-24 20:09:53,27.9117,-15.5407,65.77,70,20,16.11,few clouds
569,Masaurhi,IN,2021-09-24 20:09:54,25.3509,85.0342,80.49,78,27,3.87,scattered clouds
570,Black Diamond,US,2021-09-24 20:09:54,47.3087,-122.0032,74.16,61,1,1.99,clear sky
571,Srednekolymsk,RU,2021-09-24 20:09:55,67.45,153.6833,29.86,90,18,5.44,few clouds
572,Gravdal,NO,2021-09-24 20:09:55,68.1214,13.5031,47.88,93,40,4.61,scattered clouds
573,Grindavik,IS,2021-09-24 20:09:56,63.8424,-22.4338,43.27,81,75,10.36,broken clouds
574,Dawei,MM,2021-09-24 20:09:56,14.0833,98.2,75.56,93,100,2.1,overcast clouds
575,Nabire,ID,2021-09-24 20:05:32,-3.3667,135.4833,75.18,88,100,3.0,overcast clouds
576,San Miguel,SV,2021-09-24 20:09:57,13.4833,-88.1833,90.18,56,81,1.19,broken clouds
577,Acapulco,MX,2021-09-24 20:07:57,16.8634,-99.8901,85.68,74,98,7.18,overcast clouds
578,Moindou,NC,2021-09-24 20:09:58,-21.6924,165.677,62.55,64,61,5.66,broken clouds
579,Guerrero Negro,MX,2021-09-24 20:09:58,27.9769,-114.0611,77.38,60,100,13.42,overcast clouds
580,Yumen,CN,2021-09-24 20:09:58,40.2833,97.2,60.3,24,2,9.15,clear sky
581,Ca Mau,VN,2021-09-24 20:09:59,9.1769,105.15,76.64,92,99,3.18,overcast clouds
582,Boende,CD,2021-09-24 20:10:00,-0.2167,20.8667,70.74,96,100,2.33,overcast clouds
583,Aljezur,PT,2021-09-24 20:10:00,37.3191,-8.8033,64.45,86,0,5.21,clear sky
584,Nileshwar,IN,2021-09-24 20:10:00,12.25,75.1,78.21,87,56,5.37,broken clouds
585,Swan Hill,AU,2021-09-24 20:10:01,-35.3378,143.5544,44.37,79,82,6.51,broken clouds
586,Gayny,RU,2021-09-24 20:10:01,60.3071,54.3241,47.48,77,100,7.31,overcast clouds
587,Yarkovo,RU,2021-09-24 20:10:03,57.4028,67.0786,40.86,81,100,2.89,overcast clouds
588,Manoel Urbano,BR,2021-09-24 20:10:04,-8.8389,-69.2597,96.66,32,78,2.86,broken clouds
589,Loralai,PK,2021-09-24 20:06:24,30.3705,68.598,73.92,59,5,3.98,clear sky
590,Bozeman,US,2021-09-24 20:07:53,45.6796,-111.0386,72.82,32,1,1.99,clear sky
591,Mae Hong Son,TH,2021-09-24 20:10:06,19.3003,97.9685,72.39,99,100,0.67,overcast clouds
592,Sola,VU,2021-09-24 20:10:06,-13.8833,167.55,78.6,82,68,19.77,broken clouds
593,Witu,KE,2021-09-24 20:10:07,-2.3889,40.4382,77.16,81,100,13.71,overcast clouds
594,Mumford,GH,2021-09-24 20:10:08,5.2618,-0.759,77.85,89,47,11.16,light rain
595,Tupelo,US,2021-09-24 20:10:08,34.2576,-88.7034,77.9,38,1,0.0,clear sky
596,Shakawe,BW,2021-09-24 20:10:09,-18.3667,21.85,73.81,22,0,5.5,clear sky
597,Valparaiso,CL,2021-09-24 20:06:56,-33.0393,-71.6273,56.84,82,90,14.97,overcast clouds
598,Roma,US,2021-09-24 20:08:33,43.2128,-75.4557,67.42,61,75,8.05,broken clouds
599,Riohacha,CO,2021-09-24 20:10:10,11.5444,-72.9072,85.3,73,74,9.08,broken clouds
600,Kozhva,RU,2021-09-24 20:10:10,65.1073,57.0459,38.39,92,35,5.14,scattered clouds
601,Berdigestyakh,RU,2021-09-24 20:10:11,62.0989,126.6992,37.18,92,93,9.31,overcast clouds
602,Sid,RS,2021-09-24 20:10:11,45.1283,19.2264,62.96,60,4,2.59,clear sky
603,Agadez,NE,2021-09-24 20:10:12,19.75,10.25,86.34,10,5,7.47,clear sky
604,Dryden,CA,2021-09-24 20:10:12,49.7833,-92.7503,58.48,29,92,7.61,overcast clouds
605,Dallas,US,2021-09-24 20:09:57,32.7668,-96.7836,90.36,26,75,1.01,broken clouds
606,Travagliato,IT,2021-09-24 20:10:13,45.5191,10.0805,69.44,56,0,5.08,clear sky
607,Rio Gallegos,AR,2021-09-24 20:10:14,-51.6226,-69.2181,71.65,21,75,24.16,broken clouds
608,La Rochelle,FR,2021-09-24 20:05:48,46.1667,-1.15,65.5,82,0,4.61,clear sky
609,Hami,CN,2021-09-24 20:10:14,42.8,93.45,60.37,33,100,24.07,overcast clouds
610,Texarkana,US,2021-09-24 20:06:01,33.4251,-94.0477,83.34,32,1,5.01,clear sky
611,Eenhana,NA,2021-09-24 20:10:15,-17.4667,16.3333,75.2,15,1,7.38,clear sky
612,Antofagasta,CL,2021-09-24 20:10:16,-23.65,-70.4,60.08,61,0,5.97,clear sky
613,Komsomolskiy,UZ,2021-09-24 20:10:16,40.4272,71.7189,65.14,22,0,1.14,clear sky
614,Kisangani,CD,2021-09-24 20:10:17,0.5167,25.2,67.35,99,57,2.68,broken clouds
615,Chilca,PE,2021-09-24 20:10:17,-12.5211,-76.7372,67.08,81,68,4.88,broken clouds
616,Seoul,KR,2021-09-24 20:09:52,37.5683,126.9778,67.44,88,40,1.14,scattered clouds
617,Nakhon Phanom,TH,2021-09-24 20:10:18,17.3333,104.4167,72.97,95,100,6.17,light rain
618,Maniitsoq,GL,2021-09-24 20:10:18,65.4167,-52.9,34.86,57,9,2.71,clear sky
619,Anadyr,RU,2021-09-24 20:10:19,64.75,177.4833,26.01,86,48,11.01,scattered clouds
620,Charlestown,AU,2021-09-24 20:10:19,-32.95,151.6667,60.69,60,0,1.99,clear sky
621,Cayhagan,PH,2021-09-24 20:10:20,9.6697,122.4256,78.6,86,65,6.6,broken clouds
622,Kayerkan,RU,2021-09-24 20:10:21,69.3497,87.7602,32.77,71,0,1.72,clear sky
623,Skibbereen,IE,2021-09-24 20:10:21,51.55,-9.2667,64.2,94,100,8.3,overcast clouds
624,Acari,PE,2021-09-24 20:10:22,-15.4311,-74.6158,78.22,44,9,9.35,clear sky
625,Hamilton,US,2021-09-24 20:07:03,39.1834,-84.5333,76.19,44,1,1.01,clear sky
626,Cockburn Town,TC,2021-09-24 20:10:23,21.4612,-71.1419,83.05,73,100,4.61,overcast clouds
627,Aanekoski,FI,2021-09-24 20:10:23,62.6946,25.818,44.85,100,100,6.02,overcast clouds
628,Plettenberg Bay,ZA,2021-09-24 20:10:24,-34.0527,23.3716,56.43,87,63,6.17,broken clouds
629,Bafata,GW,2021-09-24 20:10:25,12.1667,-14.75,76.03,90,10,3.33,clear sky
630,Palana,RU,2021-09-24 20:10:25,59.1167,159.9667,38.59,81,0,3.42,clear sky
631,Nicoya,CR,2021-09-24 20:10:26,10.1483,-85.452,80.15,75,84,3.67,broken clouds
632,Korba,IN,2021-09-24 20:10:26,22.35,82.6833,75.4,92,75,1.95,broken clouds
633,Rabo De Peixe,PT,2021-09-24 20:10:27,37.8,-25.5833,72.28,65,20,8.05,few clouds
634,Lagoa,PT,2021-09-24 20:10:27,39.05,-27.9833,70.29,75,100,16.31,overcast clouds
635,Tarko-Sale,RU,2021-09-24 20:10:28,64.9225,77.785,31.5,81,9,11.01,clear sky
636,Guane,CU,2021-09-24 20:10:28,22.2025,-84.0875,86.13,63,90,4.72,light rain
637,Evensk,RU,2021-09-24 20:10:29,61.95,159.2333,39.63,77,29,1.41,scattered clouds
638,Moyale,KE,2021-09-24 20:10:29,3.5167,39.0584,76.87,41,100,19.15,overcast clouds
639,Usinsk,RU,2021-09-24 20:10:30,65.9939,57.5281,38.23,86,41,7.43,scattered clouds
640,Tutoia,BR,2021-09-24 20:10:30,-2.7619,-42.2744,85.98,76,46,11.86,scattered clouds
641,Tual,ID,2021-09-24 20:10:31,-5.6667,132.75,79.95,82,74,15.17,broken clouds
642,Vagamo,NO,2021-09-24 20:10:31,61.8751,9.0967,40.28,91,27,8.3,scattered clouds
643,Tsaratanana,MG,2021-09-24 20:10:32,-16.7833,47.65,70.03,64,0,12.44,clear sky
644,Vaitape,PF,2021-09-24 20:10:32,-16.5167,-151.75,76.28,62,0,1.77,clear sky
645,Asilah,MA,2021-09-24 20:10:33,35.465,-6.0348,69.76,72,40,5.64,scattered clouds
646,Puerto Escondido,MX,2021-09-24 20:10:33,15.85,-97.0667,85.87,68,100,6.55,overcast clouds
647,Syasstroy,RU,2021-09-24 20:10:34,60.1367,32.5691,47.52,77,100,10.22,overcast clouds
648,San Jeronimo,PE,2021-09-24 20:10:34,-11.9472,-75.2829,55.71,66,97,8.23,overcast clouds
649,Bukama,CD,2021-09-24 20:10:35,-9.2,25.85,79.56,31,33,1.72,scattered clouds
650,Monroe,US,2021-09-24 20:10:35,43.1501,-77.6831,69.49,58,75,19.57,broken clouds
651,Necochea,AR,2021-09-24 20:10:36,-38.5473,-58.7368,66.04,68,69,9.46,broken clouds
652,Peniche,PT,2021-09-24 20:10:36,39.3558,-9.3811,68.61,87,7,11.86,clear sky
653,Nanga Eboko,CM,2021-09-24 20:10:37,4.6833,12.3667,68.4,98,100,2.01,overcast clouds
654,Vila,PT,2021-09-24 20:10:37,42.0304,-8.1588,56.34,90,62,3.49,broken clouds
655,Wewak,PG,2021-09-24 20:10:38,-3.5534,143.6268,77.81,87,100,6.22,overcast clouds
656,Tecoanapa,MX,2021-09-24 20:10:38,16.5167,-98.75,86.11,67,100,9.01,overcast clouds
657,Vicksburg,US,2021-09-24 20:10:39,32.3526,-90.8779,80.83,37,1,5.75,clear sky
658,Syracuse,IT,2021-09-24 20:09:36,37.0881,15.2792,75.88,85,22,9.42,few clouds
659,Conceicao Do Araguaia,BR,2021-09-24 20:10:40,-8.2578,-49.2647,102.51,18,73,10.2,broken clouds
660,Huarmey,PE,2021-09-24 20:10:40,-10.0681,-78.1522,68.61,73,28,9.93,scattered clouds
661,Ugoofaaru,MV,2021-09-24 20:10:41,5.6667,73.0,81.36,76,100,13.73,overcast clouds
662,Cessnock,AU,2021-09-24 20:05:44,-32.8333,151.35,60.1,87,0,4.68,clear sky
663,Veraval,IN,2021-09-24 20:10:42,20.9,70.3667,79.54,84,43,6.42,scattered clouds
664,Thinadhoo,MV,2021-09-24 20:10:42,0.5333,72.9333,81.52,72,100,14.41,overcast clouds
665,Kralendijk,BQ,2021-09-24 20:10:43,12.15,-68.2667,89.58,66,40,14.97,scattered clouds
666,Yaounde,CM,2021-09-24 20:10:43,3.8667,11.5167,67.75,97,100,3.24,light rain
667,Labuhan,ID,2021-09-24 20:10:44,-6.8844,112.2051,77.81,82,28,6.04,scattered clouds
668,Rongcheng,CN,2021-09-24 20:10:45,30.634,117.8517,73.54,76,84,3.87,broken clouds
669,Yiyang,CN,2021-09-24 20:10:45,28.5892,112.3283,79.65,61,0,6.33,clear sky
670,Bay Roberts,CA,2021-09-24 20:10:46,47.5999,-53.2648,53.04,75,17,11.01,few clouds
671,Praya,CV,2021-09-24 20:10:46,14.9215,-23.5087,81.14,74,75,13.8,broken clouds
672,Port Macquarie,AU,2021-09-24 20:10:47,-31.4333,152.9167,55.36,55,2,7.16,clear sky
673,Menongue,AO,2021-09-24 20:10:47,-14.6585,17.691,68.97,18,5,5.59,clear sky
674,Enshi,CN,2021-09-24 20:10:48,30.3,109.4833,71.19,96,68,0.45,broken clouds
675,Pocerski Pricinovic,RS,2021-09-24 20:10:48,44.7222,19.7072,63.09,58,1,3.62,clear sky
676,Kudahuvadhoo,MV,2021-09-24 20:10:49,2.6708,72.8944,79.43,71,100,7.11,overcast clouds
677,Kiruna,SE,2021-09-24 20:10:49,67.8557,20.2251,38.32,93,90,3.44,light rain
678,Mongo,TD,2021-09-24 20:10:50,12.1844,18.693,79.47,69,18,7.34,few clouds
679,Malatya,TR,2021-09-24 20:10:50,38.5,38.0,53.65,44,0,3.44,clear sky
680,Chiang Rai,TH,2021-09-24 20:10:51,19.9167,99.9167,75.13,96,71,2.35,broken clouds
681,Baraya,CO,2021-09-24 20:10:51,3.1533,-75.0531,89.33,41,89,5.14,overcast clouds
682,Manokwari,ID,2021-09-24 20:10:52,-0.8667,134.0833,79.23,74,98,3.27,overcast clouds
683,Pathein,MM,2021-09-24 20:10:53,16.7833,94.7333,75.38,94,91,3.85,overcast clouds
684,Anloga,GH,2021-09-24 20:10:53,5.7947,0.8973,79.74,84,28,12.39,scattered clouds
685,Say,NE,2021-09-24 20:10:54,13.1007,2.3689,84.38,60,29,12.37,scattered clouds
686,Saint-Georges,GD,2021-09-24 20:10:54,12.0564,-61.7485,84.99,67,78,8.88,broken clouds
687,Oyama,JP,2021-09-24 20:10:55,36.3,139.8,76.59,73,100,7.67,overcast clouds
688,Bahia Honda,CU,2021-09-24 20:10:56,22.9036,-83.1592,84.31,70,38,2.95,light rain
689,Skjervoy,NO,2021-09-24 20:10:56,70.0311,20.9714,47.21,79,98,18.48,overcast clouds
690,Aranos,NA,2021-09-24 20:10:57,-24.1333,19.1167,70.84,11,0,11.39,clear sky
691,Harper,LR,2021-09-24 20:10:57,4.375,-7.7169,78.4,86,58,8.19,broken clouds
692,Mnogovershinnyy,RU,2021-09-24 20:10:57,53.9353,139.9242,41.61,71,0,5.17,clear sky
693,Zlitan,LY,2021-09-24 20:10:58,32.4674,14.5687,77.23,69,5,15.61,clear sky
694,Verkhnevilyuysk,RU,2021-09-24 20:10:58,63.4453,120.3167,31.77,86,14,3.85,few clouds
695,Boras,SE,2021-09-24 20:10:59,57.721,12.9401,57.54,94,100,13.24,overcast clouds
696,Najran,SA,2021-09-24 20:10:59,17.4924,44.1277,76.53,20,86,1.03,overcast clouds
697,Cairns,AU,2021-09-24 20:11:00,-16.9167,145.7667,71.55,81,90,10.36,overcast clouds
698,Quelimane,MZ,2021-09-24 20:11:00,-17.8786,36.8883,70.39,73,0,4.92,clear sky
699,Ochakiv,UA,2021-09-24 20:11:01,46.6128,31.5498,53.15,71,21,20.22,few clouds
